repo,month,lines,hours,kind
augur,0,32.370630916258634,6.756508575961894,feature
augur,0,330.2029226906901,33.18110276254757,feature
augur,0,118.36896719806701,15.050897745106807,fix
augur,0,145.12093816888896,12.023587368817442,fix
augur,0,24.725948645545046,9.489896166900088,fix
augur,0,94.18761656444691,8.910748101368437,feature
augur,0,22.370115900795238,11.116567587494504,fix
augur,0,75.98766375783508,13.748803598826882,feature
augur,0,119.48382375527127,36.688551487376905,fix
augur,0,9.685099136037202,2.565851210622198,feature
augur,0,62.098116444566514,17.88963867869169,fix
augur,0,67.39506612699873,12.375506129309416,fix
augur,0,130.12040462260862,7.683714530313389,fix
augur,0,69.61213134591165,26.728730292566205,fix
augur,0,18.558715943073068,5.1587032514408095,feature
augur,0,43.163468162655526,17.81287627838546,feature
augur,0,168.7676879768891,24.839030329032976,fix
augur,0,63.66162110229714,19.32950099600799,feature
augur,0,148.3688528356483,46.40183261251756,fix
augur,0,41.24862117069536,6.149311413161254,feature
augur,0,44.8475936439725,8.514505950728575,feature
augur,0,104.57135408308235,7.346944939469063,fix
augur,0,4.788050346828443,7.748339835880526,fix
augur,0,247.18064191759325,16.845164554203265,fix
augur,0,88.05215406899596,11.347313820403194,docs
augur,0,22.531930094956085,17.700915390758716,fix
augur,0,82.79656168869695,10.048862340025877,docs
augur,0,133.17390301112937,12.932794686114526,feature
augur,0,47.74486303164589,6.051172227382307,feature
augur,0,171.7696054034964,26.2002182642145,fix
augur,1,28.004915584004536,8.525307554819161,feature
augur,1,43.7182149635894,9.449103771590762,feature
augur,1,27.034453400906695,5.5569319100516426,feature
augur,1,11.35797348614666,5.047975121996887,docs
augur,1,135.42282557255132,18.944090540297008,feature
augur,1,75.08956755538586,8.876183027145146,feature
augur,1,19.159178702422018,11.22016349800606,fix
augur,1,77.79768364973799,4.21960154950524,fix
augur,1,46.60707644885561,5.8169298117116375,fix
augur,1,117.37274011140512,13.340146963859032,fix
augur,1,52.28122969664064,9.050850325943525,fix
augur,1,121.27675692710916,9.444646976781518,fix
augur,1,32.07043803160999,4.216976964211719,fix
augur,1,232.49857826717277,12.321207899185767,docs
augur,1,108.9568513416905,24.58220790320745,feature
augur,1,94.72486501475808,9.6853397213446,feature
augur,1,52.00170234109364,12.603949844880116,fix
augur,1,24.2716872110422,8.307064836999245,fix
augur,1,77.73367744108548,5.169308606487384,docs
augur,1,22.209489271684692,17.225547006827778,fix
augur,1,163.5739263185146,7.2903466875322716,feature
augur,1,22.465265238705882,5.730169364985523,fix
augur,1,39.76253085531892,10.187399099212197,feature
augur,1,104.87636068880029,11.997916470260602,fix
augur,1,24.418813822635936,6.824340855668375,fix
augur,1,115.82501829086166,11.512220347287972,feature
augur,1,140.9459115334956,19.41191255505222,fix
augur,1,20.058768960243615,8.205002527710118,fix
augur,1,22.538538500164236,12.329382758424144,docs
augur,1,7.616947001807656,5.320707038808145,feature
augur,1,170.0878636032216,22.22514444655014,fix
augur,1,22.53629904970959,7.700006688497739,fix
augur,1,250.93729323566268,24.63844398348159,feature
augur,1,97.26079060064882,4.4191568657127025,feature
augur,1,129.8535216957255,12.351360452604906,fix
augur,1,96.14269108353396,32.37378765887648,docs
augur,1,17.802205192339613,13.883001968598712,feature
augur,2,30.50972089917974,12.956726683929999,fix
augur,2,205.1718264467874,18.420851878967003,docs
augur,2,7.585108913756898,4.267881992952287,fix
augur,2,61.993530649837524,10.783539634581071,docs
augur,2,114.19416141229341,15.594658594292987,feature
augur,2,20.394740697019465,12.797804396683054,docs
augur,2,14.859605330854198,19.990833317138808,feature
augur,2,33.515030291159206,3.2446904354022403,feature
augur,2,95.34590398097903,9.000796455935475,feature
augur,2,168.08616887568053,11.016645857117767,feature
augur,2,939.7793132004751,78.25415089174561,feature
augur,2,97.70758146217318,19.698865990493044,fix
augur,2,104.52865809782007,4.001128943798833,fix
augur,2,25.53836211136499,4.019916091065708,fix
augur,2,92.30899566094573,12.534060089525182,feature
augur,2,126.77020718113498,8.77397308371773,fix
augur,2,9.240856859643673,4.52978206159875,fix
augur,2,47.020161354674435,13.0431861241698,feature
augur,2,34.153964434202756,5.770964320472279,feature
augur,2,350.5395494217392,29.279456424249833,feature
augur,2,25.38054134909221,7.4134472735595285,feature
augur,2,84.4219269532414,6.082526305667308,feature
augur,2,19.5930982842873,5.481550158998586,fix
augur,2,11.326872195405869,3.548205035016253,feature
augur,2,40.654542253197405,9.311782331614705,fix
augur,2,123.00829972831825,11.679539378538399,feature
augur,2,27.41534067744175,16.169579215669703,fix
augur,2,14.071629318755313,9.053478012001637,feature
augur,2,3.7225343393704478,2.6804754124508543,feature
augur,2,7.936622033908346,2.9785361819267955,fix
augur,2,90.65814691521544,13.842106200710624,feature
augur,2,36.80893433739658,15.465700574167693,feature
augur,2,71.58787950429561,6.141132147447835,fix
augur,2,25.351851736719446,11.162750719464237,fix
augur,2,99.88215597838534,15.808334844159226,feature
augur,2,253.22890570746006,33.41169559017918,fix
augur,2,52.124199923208586,5.964017338251457,docs
augur,3,49.646869187015376,11.82454393778792,docs
augur,3,36.179884825856554,4.6422239962260905,feature
augur,3,9.598755809413667,6.835969001585996,fix
augur,3,9.983469771192174,5.897151721272673,fix
augur,3,20.396724469518258,7.827114425075839,feature
augur,3,181.34514954342572,11.279830433773776,docs
augur,3,108.2281593142191,10.222333342870428,fix
augur,3,32.09641498101509,12.12850119141489,fix
augur,3,68.70274700625832,6.297957099782878,fix
augur,3,113.08808065683147,13.106161415795233,fix
augur,3,44.35415636558439,5.510179112488138,feature
augur,3,172.77771625431203,14.493393718980165,feature
augur,3,86.28613448889752,26.383168944551468,fix
augur,3,37.428986256439075,10.022157117735587,fix
augur,3,15.861976909442037,13.367437163143201,fix
augur,3,145.90064309691286,12.724865233596988,fix
augur,3,17.863522047212683,6.944453980533065,docs
augur,3,59.5349756168071,8.028391980966354,docs
augur,3,177.56418982073677,7.830016910917168,fix
augur,3,7.449801818414156,1.6859832510652122,fix
augur,3,54.96680082626368,12.475362638039645,fix
augur,3,51.421756301540675,10.404972570452255,feature
augur,3,49.2131278680828,12.53032892089503,feature
augur,3,45.26098332919355,7.475180137142189,feature
augur,3,20.31136786494019,4.649464373011483,docs
augur,3,326.828857442932,22.59332473676767,feature
augur,3,38.62337280915071,15.226887455120693,docs
augur,3,41.49376004816519,11.868627185494336,fix
augur,3,75.99834094256018,6.968573700321946,fix
augur,3,20.340123185393114,3.7772565283289947,feature
augur,3,122.40520676439327,7.122406998847538,fix
augur,3,69.7251249928108,6.7338716452510665,fix
augur,3,50.948012223321086,6.6157596836301655,fix
augur,3,56.64025233397494,11.691357463338454,fix
augur,3,95.09794202136132,16.494619269499427,feature
augur,3,61.07624824941383,9.015217547369385,feature
augur,3,38.0897424751563,17.284025167190276,feature
augur,3,69.21324740289303,11.882612249363731,fix
augur,3,35.151271614030975,4.244714560306081,feature
augur,4,75.695287287102,7.136069717186768,fix
augur,4,30.866006042353874,8.706278304779833,fix
augur,4,36.60629482413733,16.620078902455784,fix
augur,4,207.34598329059736,28.16117415949944,docs
augur,4,153.77546115353502,10.352558428149507,docs
augur,4,37.120509467855534,5.443902931940172,fix
augur,4,14.98357855023287,4.74508685903063,fix
augur,4,15.97960311777895,4.582706311382292,fix
augur,4,232.60631158377112,7.068329251103682,fix
augur,4,21.03328945617374,3.348670297783705,feature
augur,4,22.07101390989753,10.39697110760858,fix
augur,4,31.881148770958124,11.216109105909707,feature
augur,4,43.67042745815903,11.178338310868826,feature
augur,4,102.24596601300507,15.69035110005516,fix
augur,4,16.12746682693472,13.91845310887363,docs
augur,4,1154.3180207939968,20.931144377117498,fix
augur,4,35.36705859241735,9.726531133514033,fix
augur,4,24.54951721226008,7.1720894914966165,fix
augur,4,61.159187951425984,13.984415773871733,feature
augur,4,125.66609363740211,15.230137523352546,fix
augur,4,17.642599746159714,4.649973481326336,feature
augur,4,108.06296465478528,10.560755642816702,docs
augur,4,102.14027900141122,8.311134774324612,fix
augur,4,43.5421131695653,11.67434768371344,fix
augur,4,17.788390280867297,7.354303699551653,feature
augur,4,22.999109200464602,5.621974730000109,feature
augur,4,34.614467471997536,12.14390729900704,fix
augur,4,34.80562402442803,10.634912041406258,feature
augur,4,29.65356905284603,4.587598531577358,docs
augur,4,36.665661386731536,6.58354285155834,feature
augur,4,333.23400565017613,27.221267006146494,fix
augur,4,27.255780511884332,3.639851819042709,docs
augur,4,72.85140448636493,5.45617116043579,fix
augur,4,118.62370832471898,8.089345756217309,fix
augur,4,35.61188297037662,9.307097312513672,fix
augur,4,10.60219344531824,11.744911185698033,fix
augur,4,192.63040880904998,29.040222561348678,fix
augur,4,76.85819769288786,16.248799894564097,fix
augur,4,46.34350903920737,6.913912584520036,feature
augur,5,31.31402317772743,2.9752659712467584,fix
augur,5,19.552607610226772,5.273362403910678,feature
augur,5,74.7265253371232,28.629229222123552,feature
augur,5,13.286321504420432,6.49303792871314,feature
augur,5,81.40083076334547,8.141879326594358,fix
augur,5,32.744539969129974,6.093827316299559,feature
augur,5,27.98666926078186,7.838906576495522,fix
augur,5,40.724178475809225,7.4746441752722195,fix
augur,5,93.6348381783162,26.80406407370555,fix
augur,5,53.54646136533081,19.34350869925749,feature
augur,5,33.94092757522151,9.140247798087007,feature
augur,5,37.93493773319366,5.644488626329393,feature
augur,5,33.72925134612076,7.755505484426612,fix
augur,5,89.43106598298515,13.305574478889588,fix
augur,5,15.041859871091694,11.777828499382482,feature
augur,5,34.65891627616915,11.264446241491909,fix
augur,5,11.447656530369057,5.044419100249362,fix
augur,5,19.171954474968846,4.556910313010311,fix
augur,5,8.219851041468736,7.1021982876951695,docs
augur,5,44.42175040150567,10.197246301511436,feature
augur,5,17.692782701559338,5.746751747461949,fix
augur,5,27.393860122038255,4.005507040669192,fix
augur,5,68.03995280844683,4.4729010700927265,fix
augur,5,81.89195012804802,14.063746393857121,docs
augur,5,49.8278035436693,11.006009736579466,docs
augur,5,81.01218654862363,4.602514328420394,docs
augur,5,67.43293905881896,26.49329346374575,feature
augur,5,46.49954975388344,5.088197137864304,fix
augur,5,45.566210393410756,7.470809435389514,feature
augur,5,295.2388140847544,14.431125520917979,feature
augur,5,34.89796831367277,4.781338814440359,docs
augur,5,35.89634313980323,5.0759327006856,fix
augur,5,28.69050086113629,11.434999093129283,fix
augur,5,38.01752451932958,6.360196941159184,fix
augur,5,133.14643549160436,13.607359808268571,feature
augur,5,53.14952707168417,11.544342996209624,feature
augur,5,26.948754365655734,6.120299655039078,fix
augur,6,62.55995957537431,13.677039326198587,fix
augur,6,29.857925893407252,5.474803872211484,docs
augur,6,131.43413354214746,7.7486318788634625,fix
augur,6,355.6135865397952,40.91490824339939,fix
augur,6,173.79021307315585,7.111807749086017,feature
augur,6,114.52683732975773,5.100300901312985,feature
augur,6,119.44486072253515,23.099573145615278,fix
augur,6,72.95256525962516,24.576472448180873,docs
augur,6,14.39147398107737,6.065510911422654,fix
augur,6,200.54692838393998,17.03763424912575,fix
augur,6,602.1728734826964,17.995686643254725,feature
augur,6,107.36470996247641,18.70595801666543,feature
augur,6,98.16736604689125,11.838829666424653,feature
augur,6,43.82434043593255,8.363359939217494,fix
augur,6,62.55785031970512,7.6544001425622366,feature
augur,6,261.5733914947045,5.744077975698809,feature
augur,6,26.826909459136633,2.1131294080089256,fix
augur,6,29.406048630974592,6.656227201896256,docs
augur,6,161.9043122106689,27.115376587997368,feature
augur,6,109.19211738353613,12.01762058151503,feature
augur,6,26.003661999012433,7.827588512337006,fix
augur,6,79.28319898493734,17.188228952225256,fix
augur,6,178.41799801456565,57.94926131961846,fix
augur,6,55.350407386773256,7.54171143055103,feature
augur,6,14.03879964041249,6.365586263019864,feature
augur,6,28.998070990741763,7.038316061560175,fix
augur,6,5.243965945944901,7.528394524042737,feature
augur,6,21.12300334942867,8.338079961212758,feature
augur,6,6.209016354891308,7.261250468410473,feature
augur,6,43.88589244699702,9.812289614728423,fix
augur,6,179.47944170572538,16.434705237898434,feature
augur,6,36.0210266143484,14.854262228492496,docs
augur,6,94.04643481071732,8.73994387235823,feature
augur,6,37.515715530193496,7.133067078896512,feature
augur,6,98.50910532869072,14.072036197433333,fix
augur,6,199.61555471377307,20.29471374824627,feature
augur,6,10.008177086640528,5.962471181999134,feature
augur,7,52.97319017919449,9.144202871511594,feature
augur,7,158.29073297248468,12.869325675081736,feature
augur,7,17.57457624992937,4.185736929387516,fix
augur,7,13.368008002657973,9.666427984334325,feature
augur,7,117.89038349699176,20.611106654882075,feature
augur,7,6.414372489042331,2.8527962509054463,fix
augur,7,136.2948403471531,7.816872435829411,fix
augur,7,37.98487136433961,16.966344765053805,fix
augur,7,14.098528677546424,8.49693279370103,feature
augur,7,76.09464789314227,8.927816171286526,feature
augur,7,35.86380623062885,5.216551375743033,fix
augur,7,78.55681142864275,23.850818104868086,docs
augur,7,60.373695337463595,7.741057683903826,fix
augur,7,155.96045224770518,5.498652198730099,fix
augur,7,31.97080245193536,8.581709936372192,docs
augur,7,127.81631200348747,15.133481090172822,fix
augur,7,74.56672371506457,11.19010149491357,feature
augur,7,67.03049614313571,16.586546789365713,feature
augur,7,63.78188743144654,5.532606475053748,feature
augur,7,66.38148759810005,4.218111932132329,fix
augur,7,21.34347963183457,13.72133590872946,fix
augur,7,36.69354179219251,16.873179542186126,fix
augur,7,31.281056980067472,5.3892099611353315,feature
augur,7,220.26290263291926,19.39548637025891,fix
augur,7,19.254416131369503,6.179405107824684,docs
augur,7,72.48758614662071,12.972430082863863,fix
augur,7,44.49623348806565,8.880284433967635,fix
augur,7,9.226127599186341,6.760204950642617,fix
augur,7,144.81287767493816,7.744270243266164,fix
augur,7,138.99938474106506,16.258163268040995,feature
augur,7,23.03391655072164,8.152627103598263,fix
augur,7,74.42212901373532,8.722372427347647,feature
augur,7,160.9934610942802,20.41178759913897,docs
augur,7,139.82667757383953,17.338203368888202,feature
augur,7,22.516173089680354,7.345847674951492,docs
augur,7,34.78892513829306,3.78482196026882,fix
augur,7,64.70306921153697,35.87352079855117,fix
augur,7,681.1282106010434,57.72347107053368,docs
augur,7,286.85708109294615,18.707502302059833,fix
augur,7,26.21244160882807,8.02876672010698,docs
augur,7,11.296907792851846,5.0166124229847995,fix
augur,7,96.81600316745495,23.009018781680613,fix
augur,7,57.91244178320333,11.185138660434884,fix
augur,7,71.45594191803751,11.021563024452005,fix
augur,8,7.524165861757608,4.398272342918891,feature
augur,8,208.7031766077695,28.075787658451418,docs
augur,8,79.03976832632773,20.23809323742678,docs
augur,8,102.35359016875977,19.803505417178542,fix
augur,8,69.590661556362,5.746757659009704,docs
augur,8,24.746918356224967,7.335361837587799,feature
augur,8,22.02643720546547,14.14938950059166,feature
augur,8,29.60592669809008,8.334974438525888,feature
augur,8,101.00758432149152,10.23732051304298,docs
augur,8,28.665448150359442,6.398512538025438,docs
augur,8,21.782891896129147,6.915109966148123,fix
augur,8,565.2539890827244,34.680204422652665,fix
augur,8,32.75068877172464,6.839131686500499,fix
augur,8,262.2729907564818,25.036198736531546,feature
augur,8,74.21582694758067,11.722073500468351,fix
augur,8,212.48447854636348,9.30152506051735,fix
augur,8,10.445133269469666,5.734834385471095,fix
augur,8,536.2134086467165,15.61794826030319,feature
augur,8,108.54072283011338,9.114608306873704,fix
augur,8,26.89507882143819,5.020577463531008,docs
augur,8,59.467555706979496,16.95042249167189,fix
augur,8,284.60116494263474,13.242461170839658,feature
augur,8,19.986566939058626,3.2314358908298293,feature
augur,8,65.00487402479722,23.321737147400714,feature
augur,8,111.66638500358431,17.812299595601004,fix
augur,8,24.091442144240617,14.030428368149419,feature
augur,8,70.86523347155077,8.313633731769356,feature
augur,8,15.566770306908602,3.318986548789103,fix
augur,8,17.149342612490265,9.452931190883355,fix
augur,8,25.71318058095569,11.3403741249321,fix
augur,8,52.23580932504966,9.85421833126475,fix
augur,8,54.57480541852143,6.320949907066985,fix
augur,8,181.27168768068955,6.58959967961663,feature
augur,9,4.7090532439257435,3.3457481154190347,fix
augur,9,68.73938867383828,6.891097508037398,fix
augur,9,91.51878649427944,32.88577791189101,fix
augur,9,37.01339338454953,8.886100605816278,docs
augur,9,59.52381851237143,9.742643541443327,docs
augur,9,10.974658307065594,4.297268389348472,fix
augur,9,19.067480016222778,5.247208520044028,feature
augur,9,127.45345257700562,7.960521147227396,feature
augur,9,120.53618101952793,12.785866804794312,fix
augur,9,6.224269782730668,6.878276872090898,fix
augur,9,70.62113529142214,6.378351731584231,fix
augur,9,179.76869324939165,14.623770355962037,fix
augur,9,7.523519719022997,7.168100041473177,fix
augur,9,105.12357200405437,17.833780155712937,fix
augur,9,258.1897911141791,14.435018080236333,feature
augur,9,118.07556555868005,14.608214534135232,docs
augur,9,182.19068015327892,18.551390762988714,feature
augur,9,45.10386789619714,9.83297858489364,docs
augur,9,59.22168986833905,8.992556080213268,docs
augur,9,15.72618629376034,2.4670700873075515,feature
augur,9,54.76492545027444,5.894133383173437,feature
augur,9,38.36371082307558,6.691758124932522,docs
augur,9,71.81082296190017,11.625929178081924,feature
augur,9,114.78290233777689,9.200497747513003,feature
augur,9,19.21873323969511,8.819486049387548,feature
augur,9,40.83244026645135,10.578483969548373,feature
augur,9,11.772176009076066,5.190226457926921,docs
augur,9,95.6133033080081,12.127371909406206,fix
augur,9,72.77939078521247,12.022278041512962,fix
augur,9,36.43196487717795,6.7539632072103615,docs
augur,9,9.086490028943722,4.772509448223938,feature
augur,9,80.3785730304804,22.724665989813996,fix
augur,9,14.932284493637079,5.283558658394381,feature
augur,9,141.28569586800066,28.135193167253124,fix
augur,10,34.877562629749605,4.074275065846046,docs
augur,10,10.776978667764627,4.168153543078091,feature
augur,10,108.26963720437823,23.71923870974818,docs
augur,10,66.17349211146936,12.883348652242512,fix
augur,10,3.015382413550634,2.397147838550393,feature
augur,10,16.99715191365798,7.32506655841407,feature
augur,10,7.797817129883319,4.474469180031295,feature
augur,10,52.41460909613324,4.456619304692813,feature
augur,10,29.51133939598872,11.804380881273918,fix
augur,10,29.749568242548424,8.552188791044275,docs
augur,10,25.495236604286635,3.360677670079899,feature
augur,10,114.25971510491952,13.211236263430258,fix
augur,10,26.959123073417953,5.761227510039091,fix
augur,10,11.273627064893432,15.438234984274395,fix
augur,10,438.93942502877576,35.585848690693126,fix
augur,10,103.62275310680951,13.527364865652403,fix
augur,10,109.3175576513962,9.192945999170583,docs
augur,10,32.33211534652831,3.973032750040288,fix
augur,10,61.5147005699039,11.145369331119316,feature
augur,10,32.77493163846973,11.669692363639781,feature
augur,10,32.52833898016114,6.638304591391471,docs
augur,10,93.4241767132958,16.83746897439317,fix
augur,10,123.33774554331474,7.501545136855855,feature
augur,10,5.729117438516717,9.930773978185126,fix
augur,10,25.90610980665118,4.667836531310968,feature
augur,10,10.156174409108369,5.4574233244476,fix
augur,10,10.736385076969105,4.077672019847824,fix
augur,10,75.1365924229516,14.760001453092782,feature
augur,10,52.81597148579931,9.13229020249094,fix
augur,10,56.393851311650636,9.07642750103702,docs
augur,10,7.5228422544497455,6.792697396754905,fix
augur,10,61.71192096227166,17.75249641763424,docs
augur,10,12.743280365626495,9.176776224697216,feature
augur,10,18.145862556997496,8.539878387183647,feature
augur,10,103.25880395616373,13.500175010730278,fix
augur,11,423.87030435936106,18.13871126314947,feature
augur,11,147.75531210390366,13.93740969599301,fix
augur,11,18.63125732063923,4.696120256459505,feature
augur,11,45.41880815630966,16.741820946227023,fix
augur,11,35.52728455738228,5.827511225566359,fix
augur,11,152.7308308717155,7.307799403969444,fix
augur,11,26.448657471067136,6.153807150030883,fix
augur,11,35.9914221602809,11.262884920890022,feature
augur,11,40.24886252270056,7.010151777609357,docs
augur,11,22.715587448933903,7.476710558818069,feature
augur,11,10.810161327664003,8.76924548145796,fix
augur,11,13.099709324844548,3.375430582272261,feature
augur,11,8.305702067411707,3.3481304965365113,fix
augur,11,42.64685219539965,8.376995092844586,feature
augur,11,21.84992071441789,5.353492217009933,fix
augur,11,11.969992318436422,4.424857355775306,feature
augur,11,25.55947020605296,13.3325019064906,feature
augur,11,104.51368555957494,3.20474589833455,docs
augur,11,154.91365718861522,9.33378336764932,fix
augur,11,64.18084774240042,15.949108667773453,feature
augur,11,54.61177752853161,5.717553313331817,fix
augur,11,65.5868082078708,5.349939218225612,fix
augur,11,23.10687459810464,4.933306810823012,docs
augur,11,115.0090832556366,7.898259614464687,feature
augur,11,9.310253370870795,3.7023256725560754,feature
augur,11,165.026133223831,20.289032095012836,fix
augur,11,185.92567370150397,21.092138749580055,fix
augur,11,23.07399845455557,3.053543125580815,feature
augur,11,116.79673999090069,14.31713489708307,docs
augur,11,103.85404729663178,15.633527640018814,fix
augur,11,24.95636229734444,12.679570624794941,fix
augur,11,45.61002123962638,4.46494423383781,feature
augur,11,10.822553285889068,11.075118144540358,feature
augur,11,66.35170915981968,9.640973235782385,fix
augur,11,178.83039453862108,11.807212688150383,fix
augur,11,18.339546117152285,4.413647829917151,fix
augur,12,128.31579787399372,14.584599415756735,feature
augur,12,20.3924453607259,22.209897728601312,feature
augur,12,8.097407755915352,4.245305600906773,feature
augur,12,249.53442829028404,44.31464959638778,fix
augur,12,48.71208360435155,6.914157519972948,feature
augur,12,87.68104633066092,7.8681694497012975,docs
augur,12,27.13093992526108,6.497470944111469,feature
augur,12,280.0659331654208,18.53111621343372,docs
augur,12,16.91570129930312,3.4763505134336956,feature
augur,12,125.50706893936662,14.707395440757953,fix
augur,12,79.21944363181615,9.04725163443945,feature
augur,12,35.834377204895766,4.096935006916427,docs
augur,12,68.06022987393314,8.739806648618446,feature
augur,12,35.35249674138802,11.058805262155825,feature
augur,12,74.5352688647491,9.024699530592377,docs
augur,12,218.58749552246536,8.39014250610943,docs
augur,12,203.12363782569278,16.796731644254937,feature
augur,12,38.96067881431296,18.862794985620056,docs
augur,12,16.037153624819144,8.91010754982457,fix
augur,12,10.246177209945927,4.652408156700879,docs
augur,12,13.005686251681635,3.070050351323607,feature
augur,12,53.17901172866118,11.746292841336249,docs
augur,12,26.422554077754693,7.9514459408242155,fix
augur,12,58.7287664719329,21.992140289266583,feature
augur,12,10.685242444011454,3.469087346444468,docs
augur,12,180.7924944257569,10.213309555711486,docs
augur,12,47.97976926483041,6.327632603716823,fix
augur,12,38.50458632173811,13.777441663061051,feature
augur,12,36.288725400403216,9.980933227748466,fix
augur,12,132.46860881172148,18.59172078295504,feature
augur,12,9.265248737218958,14.071952969660858,feature
augur,12,17.534340503968416,3.9514621744094383,fix
augur,12,10.566698338829605,5.933051458409769,feature
augur,12,35.80635938144154,12.442750879727793,fix
augur,12,71.85741214147674,8.970578309775595,fix
augur,12,213.02976065353093,12.959522910007413,fix
augur,13,208.94574961703054,13.971810748257962,docs
augur,13,473.9018536350657,27.317393662321688,fix
augur,13,136.0572951114454,4.326994210016613,fix
augur,13,41.33812802021045,26.962348152395432,feature
augur,13,28.027312707677446,3.7048116356749046,fix
augur,13,39.94388808827702,9.697013011877244,fix
augur,13,375.6228037495422,23.895193665633634,feature
augur,13,197.4663350758914,20.51506801393868,feature
augur,13,10.335884931178446,6.359782959158265,fix
augur,13,188.2308049737171,9.931248452048536,feature
augur,13,51.69476579575253,16.057895342061677,docs
augur,13,59.64513138233237,10.600320144502534,fix
augur,13,67.2775164181889,10.009850782814205,feature
augur,13,9.354912933406334,10.459933854655128,fix
augur,13,18.789223999907463,8.898704311406641,fix
augur,13,33.55888606100269,6.824628348973391,feature
augur,13,14.518835613599933,4.578678761520455,fix
augur,13,48.97008334200824,8.201590875855494,feature
augur,13,84.56023889312905,7.020042149913333,fix
augur,13,28.869456663381865,16.30827429534131,feature
augur,13,38.87920429295256,12.007262438611708,feature
augur,13,35.224852633040996,6.193457866746819,fix
augur,13,15.194803052394036,5.827599164132787,feature
augur,13,11.247662323188276,6.292873895827848,feature
augur,13,68.30312274457484,15.975584342855015,feature
augur,13,46.64398432509064,10.76376485740812,fix
augur,13,69.67993163534342,4.6346938057994205,docs
augur,13,274.7035438188179,16.94544763490694,fix
augur,13,42.23638989827236,8.838674646221467,fix
augur,13,132.49379014932882,11.891376593956553,fix
augur,13,79.69305430824447,14.479167435534094,feature
augur,13,49.666685954496465,9.389766449300767,feature
augur,13,6.03156008262457,5.773178285091576,fix
augur,13,156.53362495756272,46.198867031231245,feature
augur,13,20.00361056742048,4.202596490546587,feature
augur,13,75.5604584277603,10.183129650795006,fix
augur,14,91.55657800741513,10.310260295261521,feature
augur,14,180.2405221009793,14.081785939734552,fix
augur,14,208.9358754816916,10.858216143525707,fix
augur,14,15.600819031320695,6.126047799701343,feature
augur,14,5.451997205046255,7.535527244288511,fix
augur,14,49.11841658640265,11.082224074368689,fix
augur,14,44.63600731851391,16.07967702802985,docs
augur,14,52.79263685618203,11.928754533311347,feature
augur,14,168.77602237103662,7.038632657571472,fix
augur,14,48.00369677368965,9.325288332345245,fix
augur,14,75.15999636892033,15.421772181416287,feature
augur,14,293.5779016852916,10.678379410995223,feature
augur,14,389.52092115513784,28.1154209307996,fix
augur,14,67.54738821667758,19.616220964705658,fix
augur,14,107.6865165535693,22.945628497671795,fix
augur,14,42.6676843031638,16.813161915064285,fix
augur,14,51.48318954678882,3.795150396241397,fix
augur,14,47.902178521743586,12.709520370352601,feature
augur,14,14.423234853218984,15.72758027122718,fix
augur,14,31.448594602130687,10.6601672775714,feature
augur,14,7.461040858289797,3.029879022987966,feature
augur,14,54.890055405697154,11.942666470385873,fix
augur,14,41.086822963200966,10.069803299513643,docs
augur,14,23.40053010100752,5.612723444167474,feature
augur,14,46.848676796810764,7.411846125809857,fix
augur,14,51.79608825220099,11.500845756738565,fix
augur,14,14.757392540283714,10.309134150201862,feature
augur,14,94.42704427652664,8.423300814608403,feature
augur,14,158.43036669613494,5.567283468967833,fix
augur,14,71.29339899273269,8.61475278135772,docs
augur,14,32.7198866383128,8.799631155487022,feature
augur,14,119.02254571894183,17.52790945941215,feature
augur,14,27.804819342477796,19.78431780956603,feature
augur,14,49.28086180838329,7.741714371580006,feature
augur,14,107.60683720832432,21.090381169845312,fix
augur,14,6.959256481540705,6.054192469640936,feature
augur,15,90.52016858914828,6.741310681046559,feature
augur,15,39.70689775813051,10.683418822117781,feature
augur,15,53.519928360566546,6.356985480014374,feature
augur,15,108.79753067950067,11.305818363251122,feature
augur,15,21.905123313688552,7.665323943680589,fix
augur,15,30.96769385731378,10.003966682706292,fix
augur,15,34.2906980629906,10.862279885340271,feature
augur,15,60.26154575375452,15.700533959427515,docs
augur,15,28.84594094648061,6.866125143293242,fix
augur,15,14.004238720132012,7.024438828694948,feature
augur,15,8.043132062469223,6.489340673587139,fix
augur,15,37.820499080090215,10.532877317524076,feature
augur,15,48.840592658631515,3.4324346951670153,fix
augur,15,28.450671276437564,3.793402420428786,fix
augur,15,194.58633271082712,16.261654855941362,fix
augur,15,95.34831818570052,11.347355610610432,feature
augur,15,102.37873215891558,20.002949547156554,fix
augur,15,242.34529068238365,42.58730337437427,fix
augur,15,118.65288364259627,10.216133864712884,fix
augur,15,62.02917481142056,11.313222564856327,fix
augur,15,109.28212169300251,9.951501431434384,feature
augur,15,25.535924716840587,6.773712398561065,fix
augur,15,7.29161480584891,3.757945368439049,fix
augur,15,127.8724344892941,28.907017084140772,fix
augur,15,84.00826205250515,8.267494700885019,docs
augur,15,39.479125075694995,7.572126390009731,fix
augur,15,58.94045858470886,23.06833727492221,feature
augur,15,10.123638879072502,5.776869675668703,feature
augur,15,64.85936546160936,18.303194399261955,fix
augur,15,49.087440564593074,12.259269931770893,feature
augur,15,65.81635163650758,13.788528801238893,fix
augur,15,159.18752047395026,18.890223277906273,fix
augur,15,13.254844196148621,1.573223537396069,feature
augur,15,221.21148500776644,17.065078918414244,fix
augur,15,35.084711600373865,10.131615747690269,feature
augur,15,94.98138181958313,6.764318007492482,docs
augur,15,55.3305225616508,46.6943267957722,feature
augur,15,71.39374279065105,5.207782315941435,docs
augur,15,61.14818620226372,16.356357789596743,docs
augur,15,16.78891530985833,4.7472526084828965,feature
augur,15,19.061481076257863,7.392040798062254,feature
augur,15,127.81288846103193,17.30765138860253,fix
augur,16,23.11340462497406,8.158372283476654,fix
augur,16,45.05900502139125,7.356959788118166,docs
augur,16,100.14537890924082,10.537514040330386,fix
augur,16,35.91820509792494,5.052610766707932,fix
augur,16,54.96686025821296,4.785317379653632,feature
augur,16,111.24789609099778,15.41703529520064,feature
augur,16,63.00232556376983,12.018812312121739,fix
augur,16,78.06095617299077,34.90500231425732,fix
augur,16,249.30344557034843,17.085380979131912,feature
augur,16,16.88579690644835,2.6676380403590723,fix
augur,16,180.08880706627147,10.889685331427719,docs
augur,16,22.387695010499442,7.242311192418217,fix
augur,16,128.83025379896762,11.84875985495525,feature
augur,16,46.24282094666325,27.756523059498786,feature
augur,16,125.05855197154037,7.170259734192446,fix
augur,16,72.99411482654278,4.371506959835184,fix
augur,16,71.24140655332,10.832350377565179,docs
augur,16,43.06512854925011,7.125200464058415,fix
augur,16,107.82830091614899,23.45735237825253,feature
augur,16,22.652460526748794,14.381109370308673,feature
augur,16,29.641827822661405,11.453207499707943,feature
augur,16,14.677772425412046,5.482802018748199,docs
augur,16,47.590132063503155,6.1827852103287775,fix
augur,16,32.21370834770227,7.339030096674367,feature
augur,16,48.69360787362531,3.6376797276733024,fix
augur,16,88.69070057515385,9.152141205080508,fix
augur,16,60.49795205996686,9.580706343745678,feature
augur,16,48.008325801129324,7.501512205064651,feature
augur,16,287.3173834999085,19.584307483683585,docs
augur,16,111.33257065571507,10.518863971768667,feature
augur,16,105.21798828345175,20.860913074349316,fix
augur,16,12.438043706876039,6.097749488263582,feature
augur,16,85.2122298822172,7.486634818112869,fix
augur,16,48.30713674828222,6.1258504487051,fix
augur,16,50.60474000016758,15.320666886579128,feature
augur,16,163.98621610276578,8.90920424927149,fix
augur,16,53.54061780455217,6.383423669338039,fix
augur,16,23.115163801487817,6.603403036750146,feature
augur,16,188.13676739695185,12.816119474210645,docs
augur,16,44.56588790871739,11.189940572016923,fix
augur,16,126.63739565886593,8.494637579848927,fix
augur,16,269.3035658832365,17.388590683230642,feature
augur,16,88.21608530520321,15.611821241550018,feature
augur,16,44.81471096369431,15.8163237712476,fix
augur,16,60.657914260634996,14.448061269081029,feature
augur,16,11.940348195140288,7.318379859273565,feature
augur,17,10.403119152899652,7.626880667767708,feature
augur,17,11.852179469567611,1.5356656992416058,fix
augur,17,58.5629625560618,14.974034330735083,fix
augur,17,59.640190575786235,13.40071557134656,fix
augur,17,61.53834795183954,10.105736491517769,fix
augur,17,108.65898874388051,15.472224882194656,fix
augur,17,159.29076757147524,10.160815365427526,feature
augur,17,62.26843392148709,4.117336741418226,fix
augur,17,125.97965285053489,19.898176731038006,docs
augur,17,24.267570327508963,4.438167919821527,feature
augur,17,113.50746284760494,12.488429809289434,docs
augur,17,74.4727169855262,11.514302313722858,feature
augur,17,28.317666379901762,7.246534042220069,feature
augur,17,68.43980944426184,11.967595262190665,fix
augur,17,17.26712818875924,12.408854374007802,fix
augur,17,8.785573012953947,6.439981752724367,feature
augur,17,4.465389023221799,5.345804462229111,feature
augur,17,110.29699041670199,13.8047977841018,fix
augur,17,33.1758028284687,10.758470769201598,fix
augur,17,33.95813896332374,7.382273850979325,feature
augur,17,6.720666069325401,5.965088607689116,feature
augur,17,6.467807898675785,6.89163476410536,feature
augur,17,118.49003966421726,25.620383302065193,fix
augur,17,17.083935673640486,6.621078387463249,fix
augur,17,111.73807965178628,14.082395902026066,feature
augur,17,9.252500697415053,5.937480320386311,docs
augur,17,9.581984316081547,8.42229589144924,fix
augur,17,65.9620595636472,5.652386685288546,fix
augur,17,291.71434058347864,18.63086600594456,docs
augur,17,197.88052340600487,12.73559293977426,docs
augur,17,124.6838118924685,16.612806236238395,fix
augur,17,182.15868132477883,39.65311437024769,fix
augur,17,171.67029731802032,10.295625847880642,feature
augur,17,85.8470396001092,18.759797108825875,fix
augur,17,581.5663807431592,12.88596956641787,fix
augur,17,118.92342262504329,8.904586776130971,fix
augur,17,101.03048815088383,10.206735882786433,feature
augur,17,24.299495404859428,9.130064607314704,feature
augur,17,79.54842861411905,46.20420821001359,fix
augur,17,34.01023580878596,12.302564590584158,fix
augur,17,84.27602956250284,18.12284914394872,fix
augur,17,48.137999624923204,15.846671797232887,fix
augur,17,121.89537419828592,18.092566906906328,fix
augur,17,20.411366056048045,6.151135673201463,feature
augur,17,49.71979328314907,16.069179617790063,feature
augur,17,154.66828842582856,15.912178023884392,feature
augur,17,136.37645714942948,18.327817933365385,fix
augur,17,39.76223734976135,36.62212575444211,fix
augur,18,179.1501833177466,16.169505934909168,fix
augur,18,43.82274491038271,7.439169379924784,docs
augur,18,37.711791754237524,7.787041156674469,feature
augur,18,84.47072192303074,10.946918727030814,feature
augur,18,15.508643840272809,11.228132717167446,fix
augur,18,5.23811885509232,7.535012391575655,fix
augur,18,79.74743235675668,8.987566954968853,feature
augur,18,19.445034751509848,2.3970075556852324,fix
augur,18,125.15977059413693,18.417502544997003,docs
augur,18,128.29993724256994,12.192471725237795,fix
augur,18,135.7511748187962,13.486339400576714,feature
augur,18,9.747750952570092,4.73758026832531,docs
augur,18,70.5508840426408,11.797757027303572,feature
augur,18,329.7674019433859,17.311922640465205,feature
augur,18,18.14611412235629,7.414131775626368,docs
augur,18,389.9328622941974,11.595432420370763,fix
augur,18,64.18275602418579,10.144115121490243,fix
augur,18,10.953072239442085,3.1186101218773365,feature
augur,18,14.626214042385563,15.376726347587852,feature
augur,18,8.332028113103908,4.078607374411904,feature
augur,18,235.99994775430227,29.328317684677582,feature
augur,18,38.55800657311797,16.860635092138377,fix
augur,18,35.259599806246605,11.103809919693465,docs
augur,18,63.81370104896696,12.009357677601102,feature
augur,18,31.656381724542534,5.2682889275577605,fix
augur,18,16.776160446761395,8.52386687141791,docs
augur,18,128.21560949682438,7.482282501967019,docs
augur,18,73.61058286056117,9.581389858093953,fix
augur,18,47.396454669343846,6.021127324057098,feature
augur,18,161.7098603425301,19.760427777901725,fix
augur,18,14.291926476178899,2.370855261965068,feature
augur,18,105.60597178965445,18.884148850284813,feature
augur,18,152.96598968192,11.541277252121493,feature
augur,18,50.73265951235099,12.947921165382711,fix
augur,18,45.96384557813448,6.173101172086779,feature
augur,18,37.5387111206328,3.8824576487114153,feature
augur,18,23.246562158325005,14.248438053503973,feature
augur,18,222.6626888588179,10.48031061375042,fix
augur,18,73.13612026919924,17.325106451324174,feature
augur,18,38.07573677194726,23.839293668364466,fix
augur,18,19.65513940411204,8.987056824153802,docs
augur,18,41.8511169017417,21.18343673981542,feature
augur,18,124.53915141202812,36.80614489822277,fix
augur,18,79.27038816160193,8.129087921041643,docs
augur,18,93.3394738205156,6.163534103401126,fix
augur,18,62.81947094649816,17.741621919202068,feature
augur,19,80.86280923688187,6.505720358300351,feature
augur,19,96.07092482939822,7.815590753549791,fix
augur,19,19.19533679880949,1.662435734394274,fix
augur,19,6.667564751005376,4.792332088141615,fix
augur,19,46.672600845432584,9.150974226651913,docs
augur,19,37.99510253351506,7.130250630823495,docs
augur,19,271.5557822187321,16.70339773383709,feature
augur,19,44.38503338877719,6.483015475972334,fix
augur,19,9.816177724001134,2.506773372745643,fix
augur,19,41.149339860655665,7.92169358521963,fix
augur,19,38.46387061909162,10.347392902264085,fix
augur,19,176.13918084277466,12.921538512166437,feature
augur,19,41.51328605058346,13.307170148312398,docs
augur,19,42.65214989577351,13.978518010532564,fix
augur,19,25.29597317264509,5.418713007936708,feature
augur,19,324.4120380231265,14.491337015894052,docs
augur,19,24.13442079106952,8.489440480117935,feature
augur,19,24.576836270733576,7.486012242066267,fix
augur,19,41.289900990305235,14.940075092804367,fix
augur,19,26.3819793629535,4.149588805778617,fix
augur,19,171.9172703860107,14.261198823444095,feature
augur,19,111.82234345495063,19.442372938392655,feature
augur,19,37.884959070651114,5.529857310161203,fix
augur,19,27.292705495559687,6.473898587065141,docs
augur,19,74.69330804420912,8.351433654304024,fix
augur,19,15.37696309141252,3.765983113050597,docs
augur,19,18.138829109411155,5.944639246301406,fix
augur,19,25.244867989212157,14.80358260519493,fix
augur,19,19.21886383576589,6.108907518049367,feature
augur,19,87.88216906140177,10.260749475409872,feature
augur,19,41.35078650979643,13.056031226353774,feature
augur,19,5.132850605963854,4.756269315253278,feature
augur,19,50.88067634620116,19.391526825165005,feature
augur,19,339.08506106762525,8.481179734290471,feature
augur,19,79.79615289165142,17.16205792278833,feature
augur,19,63.48597054826205,11.123984745027828,feature
augur,19,13.713047242086684,2.584862299289475,fix
augur,19,76.80955177456394,11.423682951009717,fix
augur,19,160.43754198728027,8.124368009979255,feature
augur,19,242.75690135004115,28.07783516093309,fix
augur,19,111.3345992002476,6.2505503171491945,docs
augur,19,154.29667226028798,30.343429281299738,fix
augur,19,35.32911757931474,8.082122354961115,fix
augur,19,422.6356069952819,30.758426948328054,feature
augur,19,105.4666570458679,15.886740013542717,feature
augur,19,103.0206794706745,12.938441817129771,feature
augur,19,16.640123158712196,3.9678608104786055,feature
augur,19,25.328095935343683,8.572032155407333,fix
augur,19,146.30074907223448,30.7440784250974,fix
augur,20,8.914138636358027,6.547635990856941,feature
augur,20,26.47836429384386,6.515149508177377,docs
augur,20,164.93836247350518,20.4964798505723,feature
augur,20,17.11360935557398,25.709035433647756,fix
augur,20,20.48161324072526,7.9485193568366475,feature
augur,20,350.01834645598285,15.85940773552438,docs
augur,20,150.40188453035643,26.68113479605819,feature
augur,20,35.03329238462966,7.252420244594636,feature
augur,20,311.8708983015756,34.95892273765482,fix
augur,20,201.0350763483017,16.101597742972704,feature
augur,20,52.089840636414216,6.820029184204391,feature
augur,20,9.631759084377212,5.5018936709145825,feature
augur,20,10.53719018684112,4.673358603134099,fix
augur,20,87.75506764702345,7.841924051495227,docs
augur,20,74.99269924424438,16.794061599009908,feature
augur,20,34.947204632026136,6.285036842349976,feature
augur,20,26.129944934090517,5.9708400638133305,feature
augur,20,16.51603536350216,4.108053999537292,docs
augur,20,18.7680963339513,2.0243980264331998,fix
augur,20,34.347429800814155,11.114084772881904,docs
augur,20,39.37811440440113,7.157722363473394,feature
augur,20,53.276340511097715,6.649651514207535,fix
augur,20,213.8317118092651,11.431640081492699,fix
augur,20,28.435131832062492,10.693996883933282,feature
augur,20,225.4865710563833,23.237491003556684,fix
augur,20,85.0783905574306,6.031471361842016,fix
augur,20,64.39288203600303,29.708061772383704,feature
augur,20,23.820339591134125,5.607669318387705,fix
augur,20,6.893001275554075,3.0492139266310794,fix
augur,20,103.47245567302178,13.659343040740398,feature
augur,20,41.526433929127556,9.49543265766386,fix
augur,20,18.288409655887747,6.951903721757983,fix
augur,20,59.06604618784422,2.7771166778177694,docs
augur,20,31.727071583931096,6.065195931724995,feature
augur,20,34.07563830725292,13.43027618462342,fix
augur,20,131.8407183484226,21.980343889584507,docs
augur,20,56.38519035458646,5.321550989116481,fix
augur,20,183.02249859036695,22.331334850846243,feature
augur,20,60.932160764302736,17.584384547055564,feature
augur,20,276.080047033361,12.067723990402378,fix
augur,20,109.56719784276419,13.896025621885968,fix
augur,20,93.8382197236599,3.8931182279108643,fix
augur,20,171.85621942802894,18.229862850823213,feature
augur,20,16.880094214799772,6.41170828813495,feature
augur,20,42.26406798492978,16.54778514897855,feature
augur,20,32.97059501746553,12.594957364337374,fix
augur,20,35.532242891524994,11.766744133313077,feature
augur,20,78.19690476782195,6.073099441846056,fix
augur,20,104.7158072695426,12.397232807535728,fix
augur,20,76.64368692200416,9.670094841174775,feature
augur,20,60.44542545228253,7.693822302991096,fix
augur,20,17.141682463925076,5.801194202844729,fix
augur,20,67.75155329479267,11.027395625796496,fix
augur,21,12.273657431159682,13.52464327287948,feature
augur,21,12.223917433254446,7.217874661616488,docs
augur,21,32.543623499281374,3.9860545738924293,feature
augur,21,261.5540641950438,16.275174141867982,fix
augur,21,350.0626866051633,14.556038379544523,feature
augur,21,94.0393697658631,14.491181908032091,feature
augur,21,11.507965451389962,6.679370762372346,feature
augur,21,86.5079035980551,8.445343719041515,fix
augur,21,26.14008927313835,11.719694816423898,feature
augur,21,50.06172493474634,8.504740013727506,docs
augur,21,91.97859612824278,7.144563782766135,fix
augur,21,43.18212676120643,21.6163286945343,feature
augur,21,13.805201235142322,2.8172635941547655,feature
augur,21,26.506380106619005,6.82524951497419,docs
augur,21,567.8898337342639,65.42223426468178,feature
augur,21,87.5455434727889,21.321764187796973,feature
augur,21,42.95493191986009,15.72872973475051,feature
augur,21,15.931192205415046,11.877837725542928,fix
augur,21,345.3872007167829,11.652068576340307,feature
augur,21,59.11423041287431,18.64945467229619,fix
augur,21,62.376375349085876,6.4974965346174836,fix
augur,21,8.25747723485819,7.555045451739694,fix
augur,21,28.87238050185992,4.038346343472924,feature
augur,21,233.79008636718757,8.978152195689827,fix
augur,21,23.23380743327598,12.104853311062026,feature
augur,21,51.988353135009504,15.055922342143292,docs
augur,21,15.641274209314606,4.020838774900653,feature
augur,21,229.06530210721306,9.539710407630972,docs
augur,21,27.216627461874452,4.483755194899524,feature
augur,21,58.39547432774853,16.215238197262412,feature
augur,21,5.957773981100845,3.3372997773887714,fix
augur,21,122.65960905985351,14.669705825759918,feature
augur,21,14.015001894965726,3.195189888206524,docs
augur,21,99.8471336666311,10.702230017503798,fix
augur,21,3.707794161976192,5.727493164421099,fix
augur,21,6.858295560935905,4.524039490013696,fix
augur,21,33.76555262652685,9.80134029437954,feature
augur,21,75.52983499259034,4.60787325957152,fix
augur,21,18.941700672723176,8.80536846638398,feature
augur,21,307.70879853389675,21.935487893133296,docs
augur,21,142.424052051502,37.2470819960391,fix
augur,21,145.9190638627544,12.406790127658061,docs
augur,21,191.2407850009048,9.431680816765908,fix
augur,21,370.9951171022315,46.07819469768112,feature
augur,21,72.01452792239486,6.520251736690926,feature
augur,21,25.859623590231433,13.811913372054336,docs
augur,21,52.57306847908775,9.59561972251102,docs
augur,21,33.30466529883411,8.983099118568042,feature
augur,21,89.46912536165725,13.393931413342647,fix
augur,21,22.058012253283934,8.380898348098212,fix
augur,21,94.57960944261752,12.132405791910687,feature
augur,21,109.21980043535638,8.82053253509054,feature
augur,22,86.78773962371294,16.0331189764432,fix
augur,22,94.12033983218863,9.740201908920177,feature
augur,22,102.03849699634785,6.418843806823326,fix
augur,22,8.614302242196276,4.328531268856625,fix
augur,22,120.71091945873172,12.159909549123718,feature
augur,22,61.27889352909869,7.462212472605579,fix
augur,22,162.82886507342602,15.786020964541324,fix
augur,22,23.74276244303655,5.696469327034856,feature
augur,22,412.0246982316223,33.31440703671123,fix
augur,22,55.97998038745819,18.67340319894679,feature
augur,22,90.9940933962963,4.098667367642011,feature
augur,22,87.82645609817116,21.174415624678996,fix
augur,22,32.747262492747744,5.708260227503196,feature
augur,22,249.12098280316158,23.322246902191974,feature
augur,22,30.74805332798591,5.708814844532733,feature
augur,22,49.917740592175605,7.580900589160762,fix
augur,22,11.092121544024188,12.62678371351103,fix
augur,22,257.8217964297593,19.95794565871148,feature
augur,22,60.15816831816216,11.604879626306326,fix
augur,22,37.678223854601164,23.198295299922066,docs
augur,22,32.83643385661059,10.968881351186134,docs
augur,22,230.11823002997502,10.006630416683068,fix
augur,22,57.35871018960092,10.448217916075862,fix
augur,22,43.06590727119038,6.320221431426649,docs
augur,22,89.14231944338121,42.6687155668777,fix
augur,22,153.57753044285585,14.404492443544239,feature
augur,22,216.71355108711364,22.540554923415215,fix
augur,22,62.85458782538929,11.41854820564125,feature
augur,22,42.771058140714025,21.669927988099417,fix
augur,22,138.95964749755157,17.05564260737328,fix
augur,22,125.90347843802105,21.147396012103105,fix
augur,22,176.08319904126373,27.36660763795681,feature
augur,22,306.0043289429606,14.52380147008616,docs
augur,22,55.92460743804659,9.668451078019636,docs
augur,22,35.57993203521921,6.658753560477407,feature
augur,22,195.45489101278915,15.897204603620366,feature
augur,22,55.648431430544264,12.469411508135972,feature
augur,22,157.1961196986643,8.484072821300215,feature
augur,22,143.1396336085479,20.863373312789513,docs
augur,22,25.136452304920866,11.306450151809374,fix
augur,22,241.58280674353546,16.807827515762273,docs
augur,22,342.0518827666442,14.286141875816604,docs
augur,22,41.05535168813064,4.474735050591817,docs
augur,22,88.45031344754622,13.371791390266749,fix
augur,22,39.36055142722056,6.999615593149035,fix
augur,22,46.527167734613684,4.2581097331347895,fix
augur,23,25.901342401415913,10.237501093790932,feature
augur,23,116.12659993391921,8.46549314828492,feature
augur,23,86.95913935300833,8.313975132018324,fix
augur,23,40.3434278844267,14.645781841891027,feature
augur,23,63.63107070477749,6.491545616179785,docs
augur,23,23.802520419674803,11.391551304066763,feature
augur,23,98.90515152742765,10.081514238739924,feature
augur,23,173.98535113979523,16.455489354909695,docs
augur,23,21.37171528420026,5.110960191503823,feature
augur,23,114.93020131080408,7.869912479033178,feature
augur,23,16.98605111630808,12.222511961036854,fix
augur,23,532.8356691913572,47.1845067937547,fix
augur,23,66.66382423442894,8.440516925656535,feature
augur,23,119.63290135779435,13.095553663698459,fix
augur,23,14.346387328628827,8.348086937841064,feature
augur,23,102.0263485177039,20.88820476466282,fix
augur,23,109.81835005622965,9.423103993139387,fix
augur,23,53.415823795677746,7.365427269834162,fix
augur,23,13.240926712500256,4.3925192636492785,feature
augur,23,55.98004991993792,9.6279445592094,feature
augur,23,45.30668468756307,3.2145271456161186,fix
augur,23,94.81245885103259,17.882602376080133,feature
augur,23,44.2185158165521,8.856812588192447,feature
augur,23,33.49105926542081,8.901547636546251,feature
augur,23,10.044907522034526,4.284914760290822,fix
augur,23,19.977768329829562,8.56114349577729,fix
augur,23,38.03295547107824,3.831250531165304,feature
augur,23,24.51041053026989,10.281793113154128,feature
augur,23,20.53717818889285,5.6760924525152605,fix
augur,23,52.40173933992791,8.526155634313305,fix
augur,23,53.40081113870059,14.801959612982444,fix
augur,23,81.55127814694582,5.846863299699844,fix
augur,23,75.63730555117967,9.237228511506235,docs
augur,23,9.831159055214176,5.635503953291661,feature
augur,23,13.253222063419166,4.803119093871153,feature
augur,23,62.937200122175405,11.807788578281727,fix
augur,23,122.56868102070786,12.885341399092717,feature
augur,23,475.92949861214635,7.790979747676728,fix
augur,23,53.55793034718672,6.797412576569424,feature
augur,23,37.775199238414274,19.850344763702587,docs
augur,23,81.50299846799817,11.266149187816774,fix
augur,23,87.59297638837305,24.2124379485289,docs
augur,23,150.4233111898665,17.35032184411493,feature
augur,23,11.6541588974682,5.831191479767718,fix
augur,23,17.244154192120675,3.356936601042334,feature
augur,23,73.13478185291356,4.766059794212144,fix
augur,23,141.1764947337138,12.303859818454992,fix
augur,23,86.63993743593767,8.458895911377583,fix
augur,23,85.4212181723269,6.324925652806154,fix
augur,23,130.03794206921486,7.932786103594535,feature
augur,23,42.04027158852977,4.688939299742264,fix
augur,23,22.757728336265007,9.59547932556293,fix
augur,23,37.030765912441474,4.655577771855947,feature
augur,23,15.909127976356862,4.644941533687101,fix
augur,23,105.44191773317448,9.6507948704199,feature
augur,23,17.90009082618913,8.784146530065128,fix
augur,23,180.09236818659255,29.424387308834813,docs
frontend,0,46.92621112059125,18.456997863764226,feature
frontend,0,176.92544631675233,26.22131522583763,fix
frontend,0,71.9932833754974,18.85927349361178,fix
frontend,0,131.4101863100461,8.252466734707488,docs
frontend,0,405.72320893886115,29.60371637331728,feature
frontend,0,236.61406753928554,50.68185576769621,fix
frontend,0,5.0658145215222605,5.3018265561266995,fix
frontend,0,8.231389858768035,2.1288315816228445,fix
frontend,0,364.762833343636,31.259179869844942,feature
frontend,0,73.99540387000089,19.123726271157324,feature
frontend,0,87.93402060352936,11.775436528971204,feature
frontend,0,1.388002466961284,3.262854687029925,feature
frontend,0,24.343155553408405,10.752353972273257,fix
frontend,0,7.440838292763289,6.481030163354821,feature
frontend,1,109.04733859043672,16.91317235692378,docs
frontend,1,44.26118105528535,7.981587462533917,fix
frontend,1,51.78447786148566,6.490791241428573,fix
frontend,1,22.810396071263124,12.366617024048109,docs
frontend,1,30.511629802165082,8.26447070787932,fix
frontend,1,84.40398198134899,10.599438793411124,docs
frontend,1,76.80166606782413,10.465418124823364,feature
frontend,1,43.982421040257684,7.112471950025534,feature
frontend,1,38.934595161680136,7.6242638670601,feature
frontend,1,68.35742788556436,10.760103944571942,fix
frontend,1,68.13487500496136,7.251040126141828,feature
frontend,1,60.212584446423286,22.365252914177045,feature
frontend,1,93.90925066174616,28.256523204275076,fix
frontend,1,58.579664009925864,7.540551192727539,fix
frontend,1,44.35852580263135,5.6379570412433475,fix
frontend,1,19.688432784982446,4.180582322419752,feature
frontend,1,9.07929601771833,5.71152575513516,fix
frontend,1,20.730522940613348,4.449122472957956,feature
frontend,1,51.0860851611435,15.501752063786645,feature
frontend,1,49.75259781373953,19.274227164774842,fix
frontend,1,314.31885814663536,54.33064281815869,fix
frontend,1,240.2346303444236,21.51473503088558,feature
frontend,2,42.980260483677036,5.758898950134451,feature
frontend,2,137.4985875480795,25.692656033422338,fix
frontend,2,91.45261259177295,15.06420462673096,feature
frontend,2,109.91896673872483,6.8167203367892775,feature
frontend,2,124.76438580414248,30.623371448398068,fix
frontend,2,22.118534611869702,4.476959063886736,docs
frontend,2,36.43731448569798,5.6522234361844195,feature
frontend,2,314.7714352269523,14.161829783227494,feature
frontend,2,131.1820303276162,11.139771348175918,fix
frontend,2,116.83505480827027,21.07033681019211,docs
frontend,2,100.69527172247564,5.608959439493813,docs
frontend,2,57.018573920947695,8.582249359045795,fix
frontend,2,40.6354145122531,3.6668480094470977,docs
frontend,2,39.795422291279905,9.720498085089389,docs
frontend,2,24.59341886692188,7.70906709903348,fix
frontend,2,80.97622026263511,16.548225525678124,fix
frontend,2,43.3740356551123,10.19218239901052,docs
frontend,2,70.31864980490181,9.605419325444258,feature
frontend,2,49.452529153515016,4.69208431678065,feature
frontend,2,121.52987016222764,18.784174434132332,fix
frontend,2,54.284186684033074,4.6781730310875504,feature
frontend,2,93.32637117387992,17.12365336667928,fix
frontend,2,7.846109581830706,2.9950446693011874,feature
frontend,2,12.135625375604938,3.5555934415478885,fix
frontend,3,94.24993374200537,4.745842803432941,fix
frontend,3,125.94555276779569,16.69488801583103,feature
frontend,3,328.99409643867403,9.376656863840857,fix
frontend,3,92.095355137609,14.845961114405059,fix
frontend,3,72.74094184807973,20.25415289443138,feature
frontend,3,64.39670647245636,14.032083677057102,feature
frontend,3,76.50810445757811,12.498236785915022,fix
frontend,3,35.37509303991857,14.126052112712726,fix
frontend,3,551.3632988811759,43.88942904447204,feature
frontend,3,31.777582684219446,13.253188718159173,fix
frontend,3,62.304448906746586,6.180956108089058,feature
frontend,3,73.48891357929793,9.001780754741672,feature
frontend,3,43.80428325405054,4.898926672498431,feature
frontend,3,229.29364999923118,12.260422408902134,feature
frontend,3,15.169971265909618,11.30625780689574,feature
frontend,3,184.8573084662134,20.949877100292788,fix
frontend,3,181.92348293585906,26.69107629868084,fix
frontend,3,5.46863247049271,7.838703184998629,fix
frontend,3,43.79104456904063,17.634680865417415,feature
frontend,3,84.57283792148709,9.037672302695533,fix
frontend,3,182.316340413832,14.452071975390044,docs
frontend,3,20.197461627043317,8.325178556718598,feature
frontend,3,335.53696206879914,24.804844650949327,feature
frontend,4,10.663042041971178,5.546019744636734,fix
frontend,4,11.57802480420009,4.286699708837974,feature
frontend,4,13.395476036349617,5.601853363998968,fix
frontend,4,68.3368884338237,4.512585895464949,feature
frontend,4,108.32787930571398,19.415350027066822,docs
frontend,4,65.94921220509342,11.394753135847026,fix
frontend,4,34.65642258324628,3.3030174864163664,feature
frontend,4,16.18320951338527,7.211679229622408,feature
frontend,4,36.98878633525558,11.580572463028993,feature
frontend,4,408.3695295879396,19.723404343224242,docs
frontend,4,195.78090570658293,12.702335121108911,fix
frontend,4,149.0403873622456,15.573663640322831,fix
frontend,4,29.621878835452275,6.989654693709607,fix
frontend,4,32.54011606881087,6.903704692613665,fix
frontend,4,277.83434456431047,37.53851285315605,fix
frontend,4,60.927774069654255,7.466869592358348,feature
frontend,4,86.88578337737158,19.361878153698594,feature
frontend,4,130.06143918806114,15.074784792521895,docs
frontend,4,165.5967692920554,15.342321760490996,feature
frontend,4,118.01312662271206,7.423040833055729,feature
frontend,4,83.93109151545383,6.933288401143582,fix
frontend,4,157.30043609342724,32.68435113950721,feature
frontend,4,99.27418774354724,12.71230002821239,feature
frontend,4,129.77176586049285,19.225961174266377,fix
frontend,4,111.04566322711065,8.670232226637463,feature
frontend,4,71.57981568720791,13.15233473234539,fix
frontend,4,158.458891691689,16.651713149875015,docs
frontend,4,90.16071417266086,11.33278292586543,fix
frontend,4,13.304786077675914,3.6133530610026914,docs
frontend,4,36.94522996734536,11.741406356955855,fix
frontend,5,832.8981950633793,10.10975201988038,feature
frontend,5,63.65181056056739,11.231524732336505,feature
frontend,5,23.131841360870332,15.313199527072033,fix
frontend,5,18.008070616462465,7.092382621469533,feature
frontend,5,1060.8268078147648,35.571350743077396,fix
frontend,5,150.4916477850728,20.309409289052052,fix
frontend,5,71.00512503908722,8.640758840456582,fix
frontend,5,7.793789482554708,10.100586040731006,feature
frontend,5,97.53263320576379,17.294659340890757,docs
frontend,5,38.37494265976518,4.4966551803823105,fix
frontend,5,100.83954253964714,26.096525042001545,feature
frontend,5,705.5815887986137,38.257587417516575,docs
frontend,5,38.95695849765982,17.63553893622847,fix
frontend,5,165.41810512552777,6.523572984630907,feature
frontend,5,17.73146234161189,8.242993476748687,feature
frontend,5,62.57533557327083,9.597833841137088,fix
frontend,5,25.144924974078823,4.8576736507844105,feature
frontend,5,12.927485808855865,3.320660573855525,feature
frontend,5,16.426306857744486,8.4091416207046,feature
frontend,5,54.27035779304285,5.992906906864609,docs
frontend,5,22.469536859847935,21.68079026585978,feature
frontend,5,20.43408341053949,9.69938507693037,fix
frontend,5,83.73831915461966,10.438639858848497,feature
frontend,5,95.80487484550822,5.416323162138079,feature
frontend,5,48.678483373461866,6.600396091324271,fix
frontend,5,59.14528191727256,8.779874326662283,fix
frontend,5,45.1708102043205,15.171917950182161,feature
frontend,5,3.0721773579046343,0.7777664617783274,docs
frontend,5,15.908970478116515,5.729320139266335,fix
frontend,5,24.98680223179245,14.935251813182898,fix
frontend,5,131.69175048621864,12.952612521745486,fix
frontend,6,60.09075500631626,18.08649046713732,fix
frontend,6,18.46043542425587,8.963455695246724,feature
frontend,6,51.27214958862039,11.4292323965312,fix
frontend,6,80.52541542016039,10.277299028218474,fix
frontend,6,44.579292883184436,21.37088296602038,feature
frontend,6,264.150244164902,17.935793029352208,feature
frontend,6,20.087619524641852,7.849195255951507,fix
frontend,6,132.77553191148056,20.433582817946885,fix
frontend,6,65.13790406365668,7.443313959128458,feature
frontend,6,106.58167654969884,9.46804160133226,fix
frontend,6,6.004901302190056,6.773415455864432,fix
frontend,6,40.171284904120576,12.511407419731688,fix
frontend,6,29.549597148951317,18.420133930037,feature
frontend,6,247.9544999051498,33.68818637877615,feature
frontend,6,234.12402937134902,11.01133889902036,fix
frontend,6,68.15181641118507,12.622981993042623,feature
frontend,6,345.28195013201906,9.401592070887215,fix
frontend,6,38.54349435968588,20.64985927069492,feature
frontend,6,209.73688448223265,19.530453227481498,fix
frontend,6,101.09898986496256,14.908789498965366,fix
frontend,6,50.67219942608,4.450971291227455,fix
frontend,6,37.15728569571526,10.773083053609009,fix
frontend,6,100.9817502365394,21.25935968840397,fix
frontend,6,130.2253806323374,21.167745173881592,fix
frontend,6,54.09439037685588,10.93689016234604,feature
frontend,6,35.98058199552384,4.973289706404364,feature
frontend,6,25.898180306517634,4.572172188268135,feature
frontend,6,96.95045593458826,10.309544557244644,feature
frontend,6,85.89455290057876,18.19125354681817,feature
frontend,6,139.62053320713832,5.78087106013215,fix
frontend,6,36.15958837915681,7.716605495749608,feature
frontend,6,238.36320643080134,48.212126485973954,docs
frontend,6,111.8510125534347,6.6560543387557685,fix
frontend,7,30.822634603966005,11.093268339455722,fix
frontend,7,337.27275625504217,17.44299262735158,feature
frontend,7,33.55708764026727,5.946663607097401,feature
frontend,7,227.507397460979,27.74918930432007,fix
frontend,7,28.223079561874712,4.618030278641877,feature
frontend,7,58.21473745749632,8.723623480798128,fix
frontend,7,157.70264046075542,15.347931486470486,feature
frontend,7,26.205054075471907,10.824968235831708,feature
frontend,7,156.4993859671126,14.50312959855766,feature
frontend,7,50.367960681494544,6.381592673731125,fix
frontend,7,127.00000220847751,10.116338655967434,feature
frontend,7,703.1299247943,20.609806335553003,fix
frontend,7,52.301070817568096,3.877374129604642,feature
frontend,7,247.8981112255972,9.367759147524056,feature
frontend,7,47.086424399794005,4.646932142767796,feature
frontend,7,48.27479129441749,12.914274431450513,fix
frontend,7,13.502200052442964,6.60012832943144,feature
frontend,7,43.22422823632167,12.272062031014164,fix
frontend,7,6.395896138927963,6.471050656042815,fix
frontend,7,15.013816799768811,5.926950211778007,fix
frontend,7,24.050337231196636,12.959963735552465,fix
frontend,7,175.5212004894822,37.09856328892035,fix
frontend,7,17.63405546447333,3.0726292716549017,feature
frontend,7,443.7014517276055,18.376915229689452,fix
frontend,7,46.751983244925285,13.55165499593398,feature
frontend,7,52.65711543439625,9.069098784714921,feature
frontend,7,54.645173269651536,7.985597291035931,fix
frontend,7,59.53926912641204,7.470185722479145,feature
frontend,7,39.259976733460626,5.60901310084157,fix
frontend,7,153.96145151919356,18.372891360249472,fix
frontend,8,106.37308793604105,11.767650561121883,fix
frontend,8,12.817809678938723,5.299653953789909,feature
frontend,8,143.59034220323164,12.933283607266821,fix
frontend,8,458.8268198093667,35.852574112196365,docs
frontend,8,72.83400410868832,8.68770198534884,fix
frontend,8,15.987786162575933,9.198975621562273,feature
frontend,8,127.4025530164184,6.936907676566353,docs
frontend,8,12.548197246194013,6.644599768749773,docs
frontend,8,238.80678769694683,17.74450290835524,feature
frontend,8,55.23429901047379,9.193813586111151,fix
frontend,8,21.070803452034223,3.2238493471566985,fix
frontend,8,527.2849847020755,9.942336941944653,feature
frontend,8,122.57315722676194,10.737876919906205,fix
frontend,8,64.07731828286909,8.938244769814604,fix
frontend,8,29.070672663091838,14.448235665710332,feature
frontend,8,279.51286713519073,27.589108769474898,docs
frontend,8,37.22998058953891,7.790439293468804,fix
frontend,8,179.11585688723244,10.87833377308105,fix
frontend,8,43.7158883166125,11.045213497356853,feature
frontend,8,51.371809765337645,5.069561003040598,feature
frontend,8,18.73211436660382,11.592838321272874,fix
frontend,8,107.78739927664802,6.563560663075576,fix
frontend,8,79.43009708273676,6.7112950889024425,feature
frontend,8,32.57151591110812,8.960894429632306,fix
frontend,8,13.19243790997774,7.155292865311719,feature
frontend,8,72.98119249935257,7.136853124284604,feature
frontend,8,195.6581836159896,27.64796519730741,fix
frontend,8,270.0594063792093,14.119463737988811,fix
frontend,8,167.1443596885616,17.334081295445525,docs
frontend,9,62.200427370666866,15.050653086289243,fix
frontend,9,36.42472269042358,8.656081502360898,fix
frontend,9,53.40706919934858,9.739401522588748,fix
frontend,9,132.9328286940665,9.980386607361204,feature
frontend,9,24.734059284913492,6.8104426097988195,feature
frontend,9,193.39410652943099,18.249974891205614,feature
frontend,9,32.42203228458615,7.225122226639906,feature
frontend,9,46.72699352705677,5.764025696369725,fix
frontend,9,19.20080913490639,19.491219956163867,fix
frontend,9,31.003339366400112,10.329754658031108,feature
frontend,9,42.41474366490161,19.832966954966135,feature
frontend,9,16.717022121532967,3.7713901310680806,fix
frontend,9,520.251668183032,22.65244080640644,feature
frontend,9,32.823140563832084,16.214914716925524,fix
frontend,9,9.690311347092178,3.565459795245838,fix
frontend,9,17.090893898154935,4.418113761817544,fix
frontend,9,28.837339314766396,11.27014312194408,feature
frontend,9,61.095901150596674,14.922330372055871,feature
frontend,9,238.30368469375367,52.60193422876895,feature
frontend,9,96.69017180294114,14.555364321539189,feature
frontend,9,151.1292315484994,18.08515239077393,fix
frontend,9,35.82496116282205,15.355673072527065,feature
frontend,9,13.740174205414847,4.616369630758542,feature
frontend,9,63.45947631543774,7.375258737030709,docs
frontend,9,45.73330321216264,4.457217828012126,docs
frontend,9,70.3846827092489,7.717206383484556,feature
frontend,9,538.2209890181491,10.02332491726202,feature
frontend,10,56.098361255457874,7.509218387990083,feature
frontend,10,32.817637747106225,7.794597894061507,feature
frontend,10,183.47009744517746,5.202469683169299,feature
frontend,10,34.33222531179007,9.899350603560762,feature
frontend,10,146.55829010154116,13.21001349757704,feature
frontend,10,50.96272807418002,6.278502445968072,feature
frontend,10,33.61670134356135,9.7852706790539,fix
frontend,10,18.02754391315371,5.010513699861618,feature
frontend,10,55.09624327338213,8.787831677774646,fix
frontend,10,43.70574210166175,3.8450214572291372,fix
frontend,10,15.556261818724904,14.52483648522639,feature
frontend,10,75.21626364568823,5.346683328428283,fix
frontend,10,44.270099607987405,6.080952347697704,fix
frontend,10,114.9980723256436,23.39272317384156,docs
frontend,10,24.836543052907196,15.115961081241633,feature
frontend,10,122.46842720354464,10.201109221279475,feature
frontend,10,123.50287191234482,7.244401594492141,fix
frontend,10,70.53208414580101,21.724221197131104,feature
frontend,10,107.31316835720786,8.400708418184564,fix
frontend,10,103.45256043214782,7.584248241607515,docs
frontend,10,32.02496738719794,10.785332707670557,fix
frontend,10,13.910629958562602,3.0947557730588793,fix
frontend,10,196.38221930769808,23.613718851531974,feature
frontend,10,48.13412716880861,17.48721856999341,fix
frontend,10,154.1877339901338,28.13764832052684,feature
frontend,10,81.34172771382794,13.938657278085692,fix
frontend,10,72.4182887244985,7.154810656667327,feature
frontend,10,256.2898442309178,16.15296109913112,feature
frontend,10,207.55681124317482,31.039780723297547,fix
frontend,11,368.5025055207762,33.16985299978099,docs
frontend,11,42.7971511735812,11.2463976992706,fix
frontend,11,43.22355739353103,5.170443819006494,fix
frontend,11,33.005179328890236,8.510056847096402,feature
frontend,11,93.9419303516149,4.957621646644007,feature
frontend,11,12.307121635581213,7.4941259760678625,docs
frontend,11,57.76876544945088,7.999895083085513,fix
frontend,11,266.941352033889,5.181905130536528,feature
frontend,11,197.71373477806736,15.42726191374401,feature
frontend,11,23.085897520705974,4.187304995624639,fix
frontend,11,45.266865495680136,10.928405558900506,feature
frontend,11,9.803859733832985,3.2397567176844335,fix
frontend,11,66.60773602424366,14.904800266404392,fix
frontend,11,42.92545373004886,8.5739558541659,fix
frontend,11,249.1622136559429,11.601461850072935,feature
frontend,11,5.357747126674407,4.126030208509033,feature
frontend,11,106.73565275491929,9.650705935172885,fix
frontend,11,16.045427091705335,4.997614424379046,fix
frontend,11,9.719967451315512,2.3097515045867234,fix
frontend,11,20.82626804551161,13.013494311891945,docs
frontend,11,273.1888336064249,13.879221952987557,feature
frontend,11,5.867255468960929,2.880983378953293,feature
frontend,11,76.28295525804799,5.831934279860179,feature
frontend,11,122.88493522068427,11.944194478094435,fix
frontend,12,25.009977990034184,10.962649521804387,fix
frontend,12,21.287607309737275,9.527082776796766,feature
frontend,12,215.95394084342837,33.18218082325724,fix
frontend,12,63.823990673023495,5.7227473513521225,feature
frontend,12,246.96252495294559,24.241145622205185,feature
frontend,12,55.74252304131144,5.7533984929831075,fix
frontend,12,20.889691050960696,5.475011097798708,docs
frontend,12,11.394112622947802,5.857756619477368,fix
frontend,12,17.145798649974534,3.633579710720051,fix
frontend,12,40.763905101997715,9.76858427303407,fix
frontend,12,59.54279139467376,5.472452679075027,fix
frontend,12,144.06410336972482,9.974451769410114,feature
frontend,12,24.203567444393975,7.471652115630892,fix
frontend,12,38.527475621000825,12.31779728398293,feature
frontend,12,86.70145168739347,11.103152898843193,feature
frontend,12,21.650514951816742,5.302066740496455,fix
frontend,12,16.750564442977662,9.696819071227923,docs
frontend,12,85.89810427957845,6.645472521117157,fix
frontend,12,103.5859439295613,17.58916272266019,fix
frontend,12,105.07513468512211,12.463140385094517,feature
frontend,12,63.21420005305985,6.473571747020949,fix
frontend,12,20.86215490446005,22.043706576516563,fix
frontend,12,24.812194057769027,4.761423559928632,feature
frontend,12,58.36859749797031,10.956110931754857,fix
frontend,12,30.259089026036563,2.9095413823180363,feature
frontend,12,85.23973463813502,20.50861429181145,docs
frontend,12,61.37865008533465,18.302662926949676,feature
frontend,12,306.7169168460817,12.52507121120095,fix
frontend,12,33.912250586813,20.826789753272507,fix
frontend,12,63.84635050849012,8.904703247396913,docs
frontend,12,41.52742285377934,6.75261951780558,docs
frontend,12,8.161931605794031,9.766520158692517,fix
frontend,12,277.078104077585,13.246750065949483,fix
frontend,12,16.268229822361253,10.282103282731928,docs
frontend,12,299.0111616512471,26.41133195114552,feature
frontend,12,96.86558766653206,5.878919753303452,feature
frontend,13,75.64002441577088,15.222939082258469,docs
frontend,13,29.658119572924104,7.466456448918896,feature
frontend,13,75.00232084596428,11.465891435441796,feature
frontend,13,73.82260408589872,39.05453660387179,feature
frontend,13,275.551827894943,9.740929686026735,feature
frontend,13,210.4736944559609,24.68543932372684,fix
frontend,13,101.23636334504424,9.169976113395865,feature
frontend,13,35.28430085545217,14.547774727275126,feature
frontend,13,192.98800156833082,11.030818822104631,feature
frontend,13,35.78055510699582,7.184068800752633,fix
frontend,13,198.4457183601854,16.90800577311142,feature
frontend,13,67.72522940687058,4.411136925083458,docs
frontend,13,45.91917899126696,16.85526524713334,feature
frontend,13,12.481845528022333,6.348982517049417,feature
frontend,13,98.69770455425902,18.656963436904864,fix
frontend,13,28.734775767795178,4.747703997170656,feature
frontend,13,50.92559660610871,11.69961648398034,fix
frontend,13,28.982571366494557,10.246894817912963,feature
frontend,13,72.58977747004216,6.599172158707297,docs
frontend,13,479.66268796463794,12.494633571308809,feature
frontend,13,137.08231617905824,8.521504216999896,feature
frontend,13,37.79868031299347,7.5095085940213435,fix
frontend,13,145.8816679681172,5.73253678381229,docs
frontend,13,39.800655015137096,4.467476011741094,feature
frontend,13,32.49066234024318,8.164140228020916,docs
frontend,13,121.51937443093681,20.846562610192635,fix
frontend,14,103.89907868548285,10.836886534955482,fix
frontend,14,81.28388103073915,17.03716482162265,feature
frontend,14,140.39985583828053,40.00314019254877,docs
frontend,14,33.22598202867629,26.33748057271558,docs
frontend,14,508.32157077490996,39.28123367431039,feature
frontend,14,13.209247057472167,7.177036645131317,docs
frontend,14,47.11640913615344,5.552627679175619,fix
frontend,14,33.41080288922079,19.286589084076137,docs
frontend,14,103.3047775481528,12.097257625201735,fix
frontend,14,121.97098026852713,5.226980160018122,feature
frontend,14,39.79854714213262,7.5075070169679,feature
frontend,14,216.01070082881992,10.931812883940255,feature
frontend,14,46.191257863677926,7.426125072651679,fix
frontend,14,31.284604676349403,5.276188235855805,docs
frontend,14,306.90323353477135,26.46115267067245,fix
frontend,14,29.500287795441693,12.560214108750898,fix
frontend,14,26.399499369521596,9.687789432718121,feature
frontend,14,122.91555961926119,15.647272869000043,feature
frontend,14,36.87837493653826,10.500492942956253,feature
frontend,14,71.31478050551165,21.05339079187101,docs
frontend,14,16.71086898213949,3.7579898245426353,fix
frontend,14,26.482713145646418,7.934685184036442,fix
frontend,14,24.060564071727313,5.403061964616334,fix
frontend,14,24.66220894096666,5.6667969566441,feature
frontend,14,233.49056056809246,12.798522518119057,feature
frontend,14,162.70940462394827,18.770721769311983,fix
frontend,14,93.20575959250098,12.509513928049959,fix
frontend,14,108.07765462513647,10.125657896800774,fix
frontend,14,87.54250686899894,7.263517200722594,fix
frontend,14,31.6877196580132,5.542622278269476,feature
frontend,14,123.17188522816112,23.021057378762155,feature
frontend,14,24.1742758538057,7.160715682798678,fix
frontend,14,30.595467226698286,13.391294914675193,feature
frontend,14,81.72607460146004,15.107995432823195,fix
frontend,14,215.69230107527792,10.608393474891912,fix
frontend,14,35.042571819684454,5.831334044434121,feature
frontend,14,43.03151466944188,13.669962255512676,feature
frontend,14,29.93116778783126,15.373927964395582,feature
frontend,14,65.52163385676418,14.12322985626739,fix
frontend,14,140.01071291360748,18.5667675691494,docs
frontend,14,82.52186039495831,13.013774663900055,fix
frontend,15,135.35054204586282,14.588983234014817,feature
frontend,15,46.837012095016945,7.024408678103798,fix
frontend,15,18.584580547544974,4.394480387300622,docs
frontend,15,289.49642437637516,18.411943283161097,feature
frontend,15,14.520453625339837,6.6608576081266415,fix
frontend,15,19.56198641021092,7.308230405013538,feature
frontend,15,101.67550380296672,20.17377499727801,docs
frontend,15,55.307829082576234,10.225134074638303,feature
frontend,15,140.6747688246598,13.710107365388213,fix
frontend,15,108.34885388858741,11.830390696607344,feature
frontend,15,64.09774827570091,11.334757975555064,docs
frontend,15,47.34235831193347,9.301698380969,feature
frontend,15,30.490526809619592,8.522563759364695,feature
frontend,15,155.38436056179623,11.240962856970068,feature
frontend,15,33.82678814927172,12.537105230863059,fix
frontend,15,84.47751180505617,12.564114755543006,fix
frontend,15,74.95705208271853,4.435567033168762,feature
frontend,15,14.412283074944915,5.110218518820333,fix
frontend,15,55.43115266230659,5.023764923852307,docs
frontend,15,29.60412286944868,10.281319904797485,feature
frontend,15,21.39205099022647,17.169459680673167,fix
frontend,15,32.48782699145735,4.213839375263708,docs
frontend,15,135.6255413201485,13.063927791916582,feature
frontend,15,115.25285984862172,30.725657090395302,feature
frontend,15,85.63725414963909,17.999747188585264,fix
frontend,15,17.285150167817893,6.024268081315469,docs
frontend,15,92.38905345263395,5.079006071038338,fix
frontend,15,57.891938440437464,4.724340548393129,feature
frontend,15,91.57152533974578,22.196973514610864,fix
frontend,15,925.6254277507026,29.240062671479066,docs
frontend,15,55.33978406809022,6.970776747714205,docs
frontend,16,20.468299117165007,4.450196436294914,fix
frontend,16,28.46689548633913,5.186015467912104,fix
frontend,16,327.695222518511,7.366825979271268,docs
frontend,16,28.934190984016933,11.628136417529015,fix
frontend,16,163.66416854032087,7.067595532271471,docs
frontend,16,225.78292951655573,6.575033400637157,fix
frontend,16,23.498266185639565,8.435331312308985,feature
frontend,16,99.5708552608279,17.905900616867438,fix
frontend,16,272.49027482554834,10.5743334754157,fix
frontend,16,17.33518294882279,10.630306313489672,feature
frontend,16,26.365286784174476,16.73509439047844,fix
frontend,16,13.886275327882334,5.238301952427922,feature
frontend,16,56.645655453435765,15.861707974254386,fix
frontend,16,123.4972998648826,17.35800505098933,fix
frontend,16,87.50499085534184,24.185358609574763,docs
frontend,16,45.47290191397338,13.919696839561965,feature
frontend,16,147.96898726798176,14.405100293984667,feature
frontend,16,30.243133268980884,7.355984618460038,docs
frontend,16,18.898332018792885,11.452867208881345,fix
frontend,16,60.77254735234862,3.982218888823927,fix
frontend,16,81.55780618589446,19.525226428893983,feature
frontend,16,79.58914509564156,12.897041863282816,fix
frontend,16,65.9596610354429,7.378828723254688,feature
frontend,16,324.640916646015,12.868993258925023,docs
frontend,16,13.547932918903612,16.02430687186524,fix
frontend,16,95.02812848665783,8.056953230441318,fix
frontend,16,59.32259783823915,14.857764146513288,feature
frontend,16,113.13873721781299,21.05411171565979,docs
frontend,16,21.696126463749764,6.83043712478255,docs
frontend,16,41.2123092355971,7.8281863225331,feature
frontend,16,20.21107106192511,6.01553201496915,fix
frontend,16,9.933444331677498,9.178997029926519,fix
frontend,16,97.54858800174226,12.157096873867472,fix
frontend,16,1.9724067125304194,2.186636019891706,feature
frontend,16,40.55244494839801,6.473815136091215,fix
frontend,16,289.84080702648805,23.316554008927078,fix
frontend,16,103.87138845083228,11.12603651139652,docs
frontend,16,107.48965487238412,13.026479570315834,fix
frontend,16,38.567638625541726,6.912093871344867,docs
frontend,16,13.585327543590322,3.3765346425948666,fix
frontend,16,35.9504018118493,8.499306881212195,feature
frontend,16,47.1412838049316,5.826351336406913,feature
frontend,16,34.87626082250116,14.187385027062074,fix
frontend,16,30.72623576200815,10.559669567219055,feature
frontend,17,67.96603559758043,25.045299325259382,feature
frontend,17,34.11864296949618,20.669015516614703,feature
frontend,17,9.639228130738447,8.30943167197204,fix
frontend,17,53.045651477500556,10.259186778418714,docs
frontend,17,89.02092120503755,6.444078040273467,feature
frontend,17,167.97620414129292,10.401315298297499,feature
frontend,17,64.49799908905626,26.295448937578456,fix
frontend,17,8.986869793937624,2.12583772995656,feature
frontend,17,34.055926618579605,10.186666689909668,fix
frontend,17,30.23383607034591,2.6533385996360814,feature
frontend,17,117.83177791301156,8.793636363225376,feature
frontend,17,25.823000452764404,9.087375480513728,feature
frontend,17,22.022758204661475,8.998504051154056,docs
frontend,17,324.8967573191223,8.266536339966345,feature
frontend,17,68.6376022976946,6.276450760898205,feature
frontend,17,12.85395441365963,12.328535596888187,fix
frontend,17,18.18860764582726,17.900819798644676,fix
frontend,17,52.49965125283276,6.944151826565411,fix
frontend,17,77.2711871514607,10.355289560749643,fix
frontend,17,59.78591177231544,12.825121655843445,fix
frontend,17,34.1642988820518,4.642638756074002,feature
frontend,17,20.294478299048553,6.684860544655077,docs
frontend,17,26.433195509972673,18.878866427833312,feature
frontend,17,88.23999302071441,9.228504258176432,feature
frontend,17,175.05905948497445,18.205038250916402,docs
frontend,17,22.535738158433972,4.298409908951838,fix
frontend,17,53.49017721336491,4.482891188162303,fix
frontend,17,14.257112115613772,2.9801941948827957,fix
frontend,17,55.670321274050416,8.383933056564288,docs
frontend,17,18.292488161713408,6.002648017207747,fix
frontend,17,32.40836200329827,26.298686478553655,fix
frontend,17,58.43606787134256,6.767830768372667,fix
frontend,17,54.90762044209732,12.950712195716193,fix
frontend,17,149.47181348824265,18.195988100055864,fix
frontend,17,18.72007020950546,2.7723961689660483,feature
frontend,17,104.25035849281909,16.979690630671456,feature
frontend,17,108.00541484065063,7.838256134163119,fix
frontend,17,185.13235391407076,26.193255925999043,fix
frontend,17,159.48266886793834,14.094459038408365,feature
frontend,17,41.14493361299923,15.4924836704188,fix
frontend,17,107.57064250242553,17.068225555980177,fix
frontend,17,89.9689230204022,12.318115926567419,fix
frontend,17,156.09161623602932,8.400083539836036,fix
frontend,17,88.99425329417534,8.047970134534856,feature
frontend,18,68.15353004095739,19.58159160997033,feature
frontend,18,90.12801742858039,12.905108119591063,feature
frontend,18,20.093096578923422,2.7480974438438306,fix
frontend,18,44.316861331056366,6.732770059438511,fix
frontend,18,13.2266283940957,5.247141360234431,feature
frontend,18,44.406204484774996,7.479789396274933,feature
frontend,18,37.21168299789165,3.7139575215957232,feature
frontend,18,105.8536890282329,17.391945323517216,feature
frontend,18,70.05402736669211,14.846793799440881,fix
frontend,18,226.78031624645348,26.552332097363387,feature
frontend,18,42.53191947356401,12.753271588331042,feature
frontend,18,10.80361755924307,8.414622845379972,feature
frontend,18,98.69148621002115,14.301248071996499,fix
frontend,18,13.42705342642716,4.48483801099239,feature
frontend,18,40.87274124392445,9.813296615230918,fix
frontend,18,204.47410899214913,6.250821353097961,feature
frontend,18,55.20616963470203,2.7177175128815407,fix
frontend,18,97.77128054871002,16.333256199282737,feature
frontend,18,40.92288701203906,7.880430724992977,feature
frontend,18,30.272391490723663,19.116918542650524,fix
frontend,18,63.49816338977097,9.178073865960403,docs
frontend,18,225.19001134470736,18.800790112023602,fix
frontend,18,23.472755819913413,6.540311772338817,docs
frontend,18,68.76061485691947,6.916765623842743,feature
frontend,18,27.612822809645497,10.287603329258555,fix
frontend,18,117.47771699371047,15.507840573723994,feature
frontend,18,15.717888913581936,7.387154275390065,fix
frontend,18,13.588826556623458,9.861203574438726,fix
frontend,18,30.35986487225674,6.120251986307449,fix
frontend,18,59.19457425340912,11.508271206478739,fix
frontend,18,272.60535426437656,11.179808475637973,fix
frontend,18,197.16358038874256,22.967670290828178,docs
frontend,18,60.930583619419544,7.340523679781147,feature
frontend,18,75.84137794033036,14.300051398641568,fix
frontend,18,75.78221032343593,19.358573205690615,fix
frontend,18,125.47940144109971,25.697841115293702,docs
frontend,18,91.18221978443681,7.012032398505222,feature
frontend,18,32.767399142400585,11.688886079120905,docs
frontend,18,6.927623743386801,3.964884926342626,fix
frontend,18,42.35000856686085,9.157576024798246,fix
frontend,18,250.11142286958452,41.11538625215006,docs
frontend,18,181.06421508774284,13.526211170918076,feature
frontend,18,115.55944587851636,30.303305710334442,feature
frontend,18,9.854983569826057,10.071691349367118,fix
frontend,18,135.75868768791696,13.246580138299635,fix
frontend,18,22.074934524209784,16.54694556088622,fix
frontend,18,53.12473369057068,10.036915314787143,fix
frontend,18,96.632932506358,11.14860996868413,feature
frontend,18,39.96308192618644,6.8229283082538625,feature
frontend,19,241.83823840410813,25.278870191523577,fix
frontend,19,46.677167349145456,7.229570015213599,fix
frontend,19,22.628281347449658,12.076039460681772,fix
frontend,19,33.798053102699264,11.57660888388462,docs
frontend,19,91.20506936712309,19.430888070100362,docs
frontend,19,225.34362233827,14.578084506018927,feature
frontend,19,337.1490328550271,9.692428905576378,feature
frontend,19,51.104702093584685,22.176757184907572,feature
frontend,19,55.363223681336656,13.99958082243361,feature
frontend,19,36.48269585404534,5.940861433012737,feature
frontend,19,165.35353693984652,6.597833523100229,fix
frontend,19,33.55204063022502,5.739459168743092,fix
frontend,19,30.37151445682727,3.1860624965426037,fix
frontend,19,169.25748831638234,14.33238731319993,fix
frontend,19,30.449374936117678,3.4356523819679787,docs
frontend,19,72.1701958433683,13.201691164758044,feature
frontend,19,59.53306928990551,7.9247241114908915,feature
frontend,19,108.16911892268509,7.045512268383639,fix
frontend,19,143.47374671572442,10.030397936933422,feature
frontend,19,22.33669964935976,12.79998822745243,fix
frontend,19,22.026872773655445,2.745305632263164,fix
frontend,19,120.0008752660802,15.859712573165986,fix
frontend,19,16.36827268951196,2.8478784603084333,feature
frontend,19,158.9878859652018,24.953047302104206,feature
frontend,19,10.7536935650554,6.618524334569949,feature
frontend,19,421.6153333140538,15.448933390972108,feature
frontend,19,12.824634861027832,10.959437749599417,docs
frontend,19,21.678910110818908,9.152358761410667,feature
frontend,19,77.77307131496445,11.059285814220459,fix
frontend,19,131.9669349095642,12.340781150257762,fix
frontend,19,28.332580247254825,3.130911748858109,fix
frontend,19,79.06257459572436,12.920021683734252,docs
frontend,19,214.4815770010583,16.46074214069677,feature
frontend,19,98.35252181618927,14.94816611909532,docs
frontend,19,33.941566416307374,9.134212087773317,feature
frontend,19,41.28222297439101,8.992956872136169,fix
frontend,19,267.3097932276271,18.459845259039817,fix
frontend,19,77.73898629358655,20.85730617250308,feature
frontend,19,316.1304171099973,49.799595117089204,fix
frontend,19,34.80976294772313,7.5652728135511325,fix
frontend,19,38.86446892409766,15.521374381458335,feature
frontend,19,103.7512549061267,10.878592230438482,fix
frontend,19,212.0996650794787,8.437018641913992,fix
frontend,19,15.597258139190513,8.85068671024598,fix
frontend,19,81.57412442640084,11.75758096655706,fix
frontend,19,48.17537189711786,20.175034566031535,fix
frontend,19,589.5241294761611,43.674906220011025,feature
frontend,19,79.71382189474154,11.475769123631999,fix
frontend,19,46.37212070853757,8.88294845354939,fix
frontend,19,110.39941617962675,68.98419622252402,feature
frontend,19,11.635108675796841,4.334949391642315,fix
frontend,20,37.646191998832336,13.117923458332086,feature
frontend,20,25.250913531728667,9.976846712019855,fix
frontend,20,53.248910242781385,26.132030738846744,fix
frontend,20,292.87444757323306,7.395054687805972,feature
frontend,20,7.13996140875882,4.392921912747892,feature
frontend,20,31.07319779428537,5.51988378582387,docs
frontend,20,155.48257369174675,6.842395309379181,fix
frontend,20,49.17075114945961,4.884242548092782,fix
frontend,20,236.79473706025175,23.329913218545272,feature
frontend,20,28.343249204939625,13.337705559108166,docs
frontend,20,118.90668954635936,13.767915013358655,feature
frontend,20,54.328556133304765,9.877787526437707,docs
frontend,20,49.9054453779103,6.389120956545328,feature
frontend,20,13.659991336341815,9.64034737375698,fix
frontend,20,108.55488362346459,6.045428784450635,docs
frontend,20,67.74039353493716,11.465091674436618,docs
frontend,20,45.0307100010845,5.510572797221328,fix
frontend,20,18.874201624519408,5.190143456701609,docs
frontend,20,38.90298921305151,5.584480231775789,feature
frontend,20,66.78419790448586,6.498555891226515,docs
frontend,20,4.2394206309848235,5.564644240676873,fix
frontend,20,30.664249910468783,4.859840461811539,fix
frontend,20,157.95821964021624,22.70090385178857,fix
frontend,20,67.55085065186076,11.022883291052956,docs
frontend,20,62.47495742028046,11.818616377199916,fix
frontend,20,32.60632070440985,9.897250108721064,fix
frontend,20,23.859601552800815,15.451813545283073,feature
frontend,20,38.30088761592648,5.814968390072661,feature
frontend,20,99.19237949215581,28.090388739826118,fix
frontend,20,281.46225510955117,23.330442513636633,fix
frontend,20,43.75773751382594,5.718946002801998,feature
frontend,20,25.506381413332363,10.882395655470903,fix
frontend,20,56.1567933840861,20.87686212922994,feature
frontend,20,54.402141963770454,14.44271656261751,docs
frontend,20,17.30856934896735,7.969185041011567,feature
frontend,20,78.19429857891052,15.2251861291692,docs
frontend,20,20.561242747307002,11.555969772889254,fix
frontend,20,31.326922253355377,8.77381717395329,fix
frontend,20,143.67864451752303,5.1518871877594705,feature
frontend,20,306.82833011837374,15.62253302701964,fix
frontend,20,66.60611601021245,13.044280807668969,fix
frontend,20,83.95367261786728,8.094252254200628,feature
frontend,20,127.11006717744525,14.486655619227358,docs
frontend,20,28.988911670015238,8.955511331837466,fix
frontend,20,371.85743189364933,10.94265707921639,fix
frontend,20,47.19135689639174,3.074603801667718,fix
frontend,20,12.035330731946745,3.7822874284139565,fix
frontend,20,36.118346245801874,7.54193106785207,fix
frontend,20,17.509757851222265,5.266148192574416,docs
frontend,20,28.59695933909472,5.3411333599204,feature
frontend,20,97.16223543417323,15.206326992310206,fix
frontend,21,48.095270078425884,21.16355732564932,fix
frontend,21,38.44528545031709,16.818766464611212,docs
frontend,21,175.5736372066335,26.913819850367485,docs
frontend,21,67.51072095443882,14.312242631719124,docs
frontend,21,67.60725374456567,8.867697663619031,fix
frontend,21,63.29497091755763,7.296449310593196,fix
frontend,21,84.53214781536333,21.515893027627243,docs
frontend,21,98.55935085409757,9.617665242369442,feature
frontend,21,29.225077676398058,5.740101165343837,fix
frontend,21,29.783098022862387,6.531515368776399,feature
frontend,21,62.78274920682167,14.883208065766377,fix
frontend,21,38.62316990494419,10.146867527940564,docs
frontend,21,148.66527832370107,29.708541958722584,fix
frontend,21,42.181075820887635,15.232392655542414,docs
frontend,21,46.842856994082396,18.985931512086403,feature
frontend,21,24.805622980289403,7.84431275727276,fix
frontend,21,39.290289481771765,23.68448677644125,fix
frontend,21,34.24539126616826,6.617529369228929,docs
frontend,21,28.405941917301543,8.167645746019732,fix
frontend,21,60.021497179123436,14.285730965360727,docs
frontend,21,20.142396621331223,5.040842554725977,fix
frontend,21,31.210829964203754,6.66771543921462,docs
frontend,21,96.72526230194649,11.873047934049751,feature
frontend,21,222.8171039191208,36.503768787551735,docs
frontend,21,14.757712623536099,3.780383277023537,fix
frontend,21,74.40683810301145,20.326717754385836,fix
frontend,21,134.10737210512835,60.743002325158315,feature
frontend,21,202.76767252471532,15.781198880418644,feature
frontend,21,37.965297252801506,7.6218310057804155,feature
frontend,21,84.3375095894245,23.478103215382554,fix
frontend,21,253.26479723832978,21.823837386621058,fix
frontend,21,22.991106632617544,10.036946439336017,fix
frontend,21,46.7829924874649,9.854835383511496,feature
frontend,21,81.15288955456782,7.888267071852884,feature
frontend,21,16.67077403374227,4.125215263724664,feature
frontend,21,3.7413097913031104,9.336376370164796,fix
frontend,21,34.05594131767291,6.852542563983981,feature
frontend,21,56.69117740789002,9.925897438325588,docs
frontend,21,50.55551864865249,4.8544009379242485,feature
frontend,21,168.58316902957014,20.789081601740865,fix
frontend,21,41.30344918633899,23.771508547833953,feature
frontend,21,6.334602960874505,3.979636102511846,fix
frontend,21,51.805862814322325,8.741902468355162,feature
frontend,21,214.10335842621024,13.810725488820024,docs
frontend,21,112.67140882189307,7.662862128695774,fix
frontend,21,231.7565167144804,10.014614695107133,docs
frontend,21,628.3036776912223,19.53743292077681,fix
frontend,21,15.100384029110383,4.200994685093019,docs
frontend,21,116.54316091814628,13.540844975525662,feature
frontend,21,167.4031894823201,38.37572754459948,docs
frontend,21,39.49012217194939,14.75326728021123,feature
frontend,21,150.88244460784762,9.251048609170207,feature
frontend,22,78.01443504620107,14.169463765086732,docs
frontend,22,19.02083151532906,8.480977263609962,fix
frontend,22,25.55815257469737,16.312807467869497,fix
frontend,22,75.54561225875885,16.797856091343224,feature
frontend,22,204.9837949652989,13.531336325650596,feature
frontend,22,66.41126337270674,17.89077722794508,fix
frontend,22,131.40800233791768,21.43852706317892,feature
frontend,22,36.794495773168116,5.390940074610542,fix
frontend,22,84.06624759762954,9.524781662714915,feature
frontend,22,110.24369537797739,16.97567781242868,feature
frontend,22,15.978532278489585,4.906937415695324,fix
frontend,22,29.616058237626394,8.880868292904749,feature
frontend,22,57.07679734983245,8.566170371305487,feature
frontend,22,22.365577836923375,6.821025519690402,docs
frontend,22,7.259699908930207,15.100792324263926,fix
frontend,22,85.85201669221715,12.156627700935882,fix
frontend,22,50.224643936790265,3.6502210862475404,feature
frontend,22,31.742934945284432,7.28895499036823,fix
frontend,22,56.854250082985835,27.12914376531875,docs
frontend,22,105.32320991477323,15.61439332464364,feature
frontend,22,531.2321374827068,54.06257154419443,fix
frontend,22,64.1943897687856,5.214787045227422,fix
frontend,22,79.82948289526091,13.80146900503379,fix
frontend,22,52.31586894063159,8.839879599113129,feature
frontend,22,37.5249463723471,6.920020658278048,feature
frontend,22,615.1441724808102,8.946447021863632,fix
frontend,22,29.71026929988998,5.931937825477929,feature
frontend,22,2.031399543665449,4.701894668933512,fix
frontend,22,64.04447879683757,8.322473990291444,fix
frontend,22,49.82752154289688,5.5229493167592585,fix
frontend,22,9.47076012501875,2.3480526070850964,fix
frontend,22,52.52110209907407,18.638405568544705,feature
frontend,22,16.052035711216643,4.759946029604864,feature
frontend,22,35.859019856021455,10.81817525719742,fix
frontend,22,26.964865309513012,10.469434249306032,fix
frontend,22,48.98610496968951,11.093129788710657,feature
frontend,22,152.65197920805184,12.509798883009365,fix
frontend,22,41.03786263290232,6.886380585475416,feature
frontend,22,57.46664688780382,13.766486445309031,feature
frontend,22,7.947396229931077,2.596322775379825,feature
frontend,22,50.19433392926782,5.842965540280422,feature
frontend,22,48.20217229834985,11.372567318622954,feature
frontend,22,8.227263306032418,3.9355183589632183,docs
frontend,22,30.590787852705287,6.421639079900088,docs
frontend,22,9.344421799895224,7.341502717497705,fix
frontend,22,8.158620867095417,4.459989727272092,feature
frontend,22,141.55332285825435,17.674373205095897,feature
frontend,22,127.35943884584441,19.87968546956162,docs
frontend,22,25.53026298157563,8.098262862447163,feature
frontend,22,67.38463187128337,21.321952397256062,fix
frontend,22,40.766201374391635,2.75895201889689,fix
frontend,22,41.17106607142737,11.095678839372278,fix
frontend,22,167.89735440274197,17.587961685252427,fix
frontend,22,22.979004970263464,5.0103688423852315,docs
frontend,23,139.5422605185608,21.314197594006025,feature
frontend,23,45.526630455965226,14.046597364668417,feature
frontend,23,130.07301080068385,22.332940365344335,feature
frontend,23,371.14600477197615,20.508855871081085,fix
frontend,23,18.494114735318384,10.637183813759492,fix
frontend,23,21.75911665540105,3.436446318137721,fix
frontend,23,58.293424752748656,8.007345853570948,fix
frontend,23,141.93044129471045,8.485213271729474,feature
frontend,23,45.17512221794565,10.98428750355755,fix
frontend,23,13.559251340428663,15.79626816403883,feature
frontend,23,105.09974361560538,22.868203523170934,feature
frontend,23,28.300912375102723,4.5795998111877685,fix
frontend,23,24.078866686707087,6.341556242761417,feature
frontend,23,108.07609743059118,10.640179085335513,feature
frontend,23,38.21749896201699,5.04359066213123,fix
frontend,23,51.339696581551465,6.585936245796033,feature
frontend,23,190.20034010630442,38.19702163482346,feature
frontend,23,75.34675857107646,18.394152269825753,feature
frontend,23,54.03074799849641,10.635309272818017,fix
frontend,23,98.27243499350863,20.01084554210023,feature
frontend,23,183.36687275750197,9.675796754045766,feature
frontend,23,162.65021674996467,11.568954731856394,feature
frontend,23,35.257281929284375,4.9448062549422165,feature
frontend,23,18.31493827768819,8.079449675474674,fix
frontend,23,46.70489914912277,32.07572500731347,fix
frontend,23,66.86568722008245,8.424578830473832,fix
frontend,23,119.23687104417785,21.037142688301373,fix
frontend,23,23.487631380881226,7.238740588747458,fix
frontend,23,135.43370644132358,12.789022561909835,feature
frontend,23,21.518478901967303,3.451325072415493,feature
frontend,23,70.472179932506,5.374235816766997,feature
frontend,23,53.7004199694202,9.821993165144743,feature
frontend,23,108.39223807503153,16.862259182347334,fix
frontend,23,37.1695295224946,9.81126900884268,feature
frontend,23,108.76151064499284,19.72513676514934,fix
frontend,23,87.56791723757168,17.050428561963468,feature
frontend,23,146.74393591017477,16.923702653015248,fix
frontend,23,36.99615415302111,13.044995680126005,fix
frontend,23,20.8427954543595,7.194229456674041,fix
frontend,23,44.18308281173287,11.323402081065908,fix
frontend,23,76.49787376779376,13.534738278566143,feature
frontend,23,26.128440168089988,10.70021056448874,fix
frontend,23,33.71490632767703,5.491999007290765,feature
frontend,23,36.92859913098689,22.899554321127088,fix
frontend,23,129.42906867786218,11.279200140754641,feature
frontend,23,174.77394652151685,18.28800216748535,fix
frontend,23,184.42308453901694,14.91274223384573,docs
frontend,23,189.69300377321488,15.216667438667647,fix
frontend,23,212.53949978104183,47.42497515062712,docs
frontend,23,12.982018649480686,5.099084536054401,docs
frontend,23,9.78730945771221,3.939443927289507,fix
frontend,23,36.406284304401666,24.70720963468992,fix
docs,0,75.2349581475204,11.965434527087574,fix
docs,0,62.688721968148364,22.051400937640555,feature
docs,0,124.96878487679045,22.77738144559479,docs
docs,0,30.880062021999645,4.222954444062744,docs
docs,0,168.12317363009865,9.620378092706325,fix
docs,0,32.47556374086356,4.473846527262148,fix
docs,0,107.9825557395003,24.312016465031903,fix
docs,0,103.34018523125795,21.748105672150043,feature
docs,0,33.76833488864805,10.482099419005285,feature
docs,0,48.68666845772193,9.809939405645073,feature
docs,0,21.305208264749595,8.19922121400986,feature
docs,0,26.103799328000477,11.388019348354367,fix
docs,0,178.81873856791208,11.660582294215942,docs
docs,1,37.83113149552972,6.9928999173402255,fix
docs,1,28.132212207902008,7.273740048521663,fix
docs,1,35.37511542159057,11.139024869664913,feature
docs,1,41.80752268180913,14.49596761664645,docs
docs,1,296.1658364423173,38.77439726523897,docs
docs,1,11.77785790958063,4.269129170127216,feature
docs,1,53.10294983164317,12.132644498170984,docs
docs,1,34.61991665088868,2.39495692248046,feature
docs,1,78.12531607835439,15.494729981224678,feature
docs,1,136.16677062343004,15.57130137588918,fix
docs,1,4.625875306902867,4.559202940547175,feature
docs,1,61.007975015128764,8.688288200094556,fix
docs,1,39.92258619482107,4.818430816210639,feature
docs,1,101.76346430131188,9.602687124498251,feature
docs,1,191.03118414507475,13.805033142118289,fix
docs,1,102.00666395938394,10.494136671049281,fix
docs,2,160.0262647575577,15.159296248888266,feature
docs,2,105.5559346380428,23.382464978400677,feature
docs,2,32.829909829875945,13.085064049308638,docs
docs,2,45.0370683524021,12.920180686460133,feature
docs,2,92.24670345604733,8.568963282255526,fix
docs,2,37.36325213419489,11.399870855434406,feature
docs,2,59.39121021715958,10.972554003367074,fix
docs,2,194.60552141396644,37.13706983107452,fix
docs,2,18.202700746413203,6.897260394479635,fix
docs,2,209.96391994438414,16.527943109629945,feature
docs,3,37.533966825128545,12.189028115848137,fix
docs,3,16.817557665292668,9.504528493314648,docs
docs,3,124.53092800288769,5.045446244185466,fix
docs,3,38.622097187294955,7.793293569689074,feature
docs,3,28.10169491425374,12.813568011392556,feature
docs,3,225.54392153694099,35.250219138972746,feature
docs,3,14.051701308822974,7.988667105057992,docs
docs,3,38.72576426399339,6.0394544432238195,feature
docs,3,30.96032956889624,8.48015788010027,feature
docs,3,52.26622872096927,13.443250909798984,feature
docs,3,36.04724196826912,9.966511301039573,fix
docs,3,97.49006153302837,30.21075741644176,fix
docs,3,77.47803204055296,4.719612960002245,docs
docs,3,14.809957450592714,8.040735092428523,docs
docs,3,29.36891182144931,9.347553506970666,feature
docs,4,205.54294601388608,9.905420013001425,fix
docs,4,12.859125468968942,6.913515405656133,fix
docs,4,34.69257276711573,11.4925062639146,fix
docs,4,74.79247468328337,10.050373764220888,fix
docs,4,11.737105236298778,3.636851171099085,fix
docs,4,140.8384839015059,15.921932629718883,feature
docs,4,52.45807042394732,6.514474599112434,fix
docs,4,78.34512236677917,6.2142450207199476,fix
docs,4,111.4944129378866,19.873706339092454,docs
docs,4,20.286912388430455,7.220162438868302,fix
docs,4,107.19798162153894,22.760665836133605,fix
docs,4,36.48050288141602,10.28510369970433,docs
docs,4,46.74799903617779,4.1946727139352085,fix
docs,4,66.07788273788655,7.92674468437155,feature
docs,5,64.36960343479491,10.35125153833251,fix
docs,5,450.0400136377118,23.41210672859512,fix
docs,5,43.209828889711986,26.288989807202544,feature
docs,5,143.8435452284308,15.515189279119436,fix
docs,5,36.76289578394057,16.02091886651064,feature
docs,5,29.94325351317406,15.392024444825177,feature
docs,5,7.109358111401761,4.5873823058466385,fix
docs,5,146.22523905790038,11.988001304003175,fix
docs,5,195.19174132626299,4.3652853976837545,fix
docs,5,75.0723978488602,6.487688213518595,docs
docs,5,286.2355384106215,4.614765478986092,feature
docs,5,13.538261920444736,5.947350996038241,docs
docs,5,63.20643097033962,13.657904948057386,fix
docs,5,82.78291214331948,6.183586707629585,fix
docs,5,140.78481016419968,11.420239500718486,feature
docs,5,157.33551707889364,3.5299070462435584,feature
docs,5,114.33471259975052,18.199400129435112,docs
docs,5,128.1324290702086,23.179179917583458,fix
docs,5,55.81061485103082,8.365747768609946,feature
docs,5,73.72559519109267,12.270843946341643,feature
docs,5,32.18547313554674,5.600150965108469,fix
docs,6,26.99397113838541,11.264885502824239,fix
docs,6,35.317352712850656,6.102976693410215,fix
docs,6,40.17617434667516,9.660484690865484,fix
docs,6,37.554633822391274,13.88876300383991,fix
docs,6,33.23393186548557,19.88238427327902,fix
docs,6,507.25269028520273,23.718372056948894,docs
docs,6,53.86579749227492,9.957501923102468,docs
docs,6,141.60392693086678,10.314097291627554,fix
docs,6,107.27138838828519,12.398395596073545,feature
docs,6,33.91308966647343,3.1457149682363754,feature
docs,7,54.820207225093,12.077587217609267,feature
docs,7,88.96002427382757,11.431376774699642,feature
docs,7,16.24664003299912,7.910132480335346,feature
docs,7,108.56301617814322,9.734436533403493,fix
docs,7,10.396588735844237,4.9262801271645165,fix
docs,7,37.447023328131166,15.93409612000544,fix
docs,7,63.65930933384667,6.879023689329081,feature
docs,7,2317.1907066497834,33.39508324872695,docs
docs,7,120.39032559833231,8.707586523235328,fix
docs,7,15.065536709750477,6.586544104895718,feature
docs,7,73.02878210704928,18.666557124467687,feature
docs,7,50.614519412262,15.253739600858447,feature
docs,8,35.66077149640203,9.755239429073228,fix
docs,8,61.81617343078891,8.78404781573149,fix
docs,8,4.492459111636596,7.799209250472818,fix
docs,8,68.4518989488867,6.908702413136611,feature
docs,8,156.87308968499727,36.29911892585838,fix
docs,8,66.6259589060939,18.18395014785543,feature
docs,8,539.6587502644,35.34808511356947,fix
docs,8,55.86518330401225,20.282875838948954,fix
docs,8,15.227286036500722,6.637832001559851,feature
docs,8,60.30656125499669,13.473257308228675,feature
docs,9,11.13550632968308,4.2020993720465505,feature
docs,9,19.749914744320954,2.687083441733652,fix
docs,9,223.84962505015287,26.002652906091512,docs
docs,9,64.08661787593653,9.102392487376852,fix
docs,9,72.06856951849026,10.798840721225394,fix
docs,10,28.512093157577233,4.793824521650169,docs
docs,10,65.25443060995063,7.52255308151736,feature
docs,10,45.64117181241113,7.016750009182108,feature
docs,11,516.6435827741457,34.28584545625004,docs
docs,11,64.05403836074306,7.688466407095384,feature
docs,11,43.4277505381986,6.878315954603895,feature
docs,11,120.79355474201829,12.571835848460386,docs
docs,11,618.8686584485631,22.255331387165594,fix
docs,12,181.65866191980666,35.4647972019334,docs
docs,12,12.251364891144174,12.960704800130813,feature
docs,12,63.63925583378193,3.3154460125080814,docs
docs,12,277.36750961897917,32.5262463748712,fix
docs,12,67.310802476014,7.339527190498687,fix
docs,12,231.5492683390266,15.305096547730294,fix
docs,12,15.754883535784462,7.767217362182838,docs
docs,13,27.82330857718384,4.8592715525685595,feature
docs,13,12.655900650379193,11.599420091970824,fix
docs,14,403.4951735600664,20.67769686086206,fix
docs,14,65.64795185859715,8.137069944843244,docs
docs,14,32.640042656909046,15.849150249877884,feature
docs,14,51.85233124456994,7.274791783970427,feature
docs,15,22.870474741956798,8.571909456711467,feature
docs,15,109.87184228690955,15.127967045977332,fix
docs,15,73.19938092380812,14.492688619840187,docs
docs,15,173.9941930038386,26.30564332156794,fix
docs,15,55.905879039124784,13.454753243880138,feature
docs,15,37.60145389987354,10.032745511942341,docs
docs,15,23.481944751942425,10.67561986688874,docs
docs,15,52.26402803138408,9.66069681782522,feature
docs,16,14.472037401500838,9.185913441865795,feature
docs,16,104.64867667119151,10.294879139809531,docs
docs,16,180.63902289999882,6.974125434439218,fix
docs,16,19.337008270299698,6.227241945128314,fix
docs,16,82.58047002401011,20.927076198314488,docs
docs,16,183.58298104720924,11.146720582306259,feature
docs,16,75.06920874803201,11.207645632374936,docs
docs,16,5.170428594148219,3.2629659852567836,fix
docs,16,49.14655017057708,30.93980006884121,docs
docs,16,10.117053618914886,2.709039942124243,fix
docs,16,220.5388457494891,9.460207761708828,feature
docs,16,97.00406648499441,14.07115340942464,docs
docs,16,24.84877291234765,4.493814075730458,feature
docs,16,14.239418225459518,8.499938762077038,fix
docs,17,17.46728852157121,6.810022351998564,docs
docs,17,16.06154823444552,13.293632958472378,feature
docs,17,3.553197199858899,4.161029031717715,fix
docs,17,214.61830382355163,14.611465081017668,feature
docs,17,8.98691289384968,2.3735016818210486,fix
docs,17,17.98807721160462,3.3772606491976536,feature
docs,17,116.49540108771669,5.744607984540704,feature
docs,17,157.20034807524846,19.940537974127082,fix
docs,17,209.19140682917794,23.842676648026114,fix
docs,17,487.66802029392693,31.545197501697256,feature
docs,17,38.74397733294762,12.006437200060626,fix
docs,18,185.99893951005834,20.006936143364985,fix
docs,18,70.3057530964483,9.083884632835591,docs
docs,18,20.165051254031106,4.487466821370436,feature
docs,18,195.95362421203006,14.18626149793184,feature
docs,18,23.447679745232115,6.689809208360024,fix
docs,18,66.57156440100486,12.598064097889896,fix
docs,18,32.02128805784856,27.507636772486492,feature
docs,18,141.74189102561124,18.50665334198078,feature
docs,18,272.255839618297,5.3934784131499125,feature
docs,18,6.270548447541389,3.0448684552454894,feature
docs,18,73.12887383440567,8.396901212138705,fix
docs,18,114.07872487816645,13.675618991721116,docs
docs,18,29.981641010659384,7.3601172737883065,fix
docs,18,47.01003998978802,11.312846100234825,fix
docs,19,61.547412254772134,10.99720185022202,feature
docs,19,34.437315003969886,11.234837849954028,feature
docs,19,196.9939975817413,22.790199758678572,fix
docs,19,93.52081531047557,35.03210013670267,fix
docs,19,22.908000019432233,8.815309686764211,fix
docs,19,63.83563404530315,14.442636188276875,docs
docs,20,87.43106220470307,9.7140382365523,feature
docs,20,33.26475822182898,11.878632368312624,fix
docs,20,62.36850913092389,30.657003836230608,fix
docs,20,144.80939431760837,10.760760615922024,feature
docs,20,133.426381182544,26.639505375783806,docs
docs,20,38.7346040528282,9.61252224816754,fix
docs,20,3.2603206868020354,4.623516724385222,fix
docs,20,54.66595400816972,5.140187670241568,fix
docs,20,52.25320553708799,37.408489418466395,feature
docs,20,37.88718903751486,13.290713022941807,feature
docs,20,149.4004269867364,25.476374926904523,fix
docs,20,43.109178188204694,3.717580526441895,docs
docs,20,131.59479057126197,7.121665129466317,fix
docs,20,18.958074741445742,15.33950630166074,docs
docs,20,43.94280819048488,15.379535394108965,fix
docs,20,27.44414473038443,8.192257154021565,fix
docs,21,26.302588134959112,6.349852091858272,fix
docs,21,33.55390068424358,13.34569559824848,docs
docs,21,88.56122238204809,15.791244234809941,feature
docs,21,17.483138725137373,18.142518311575976,fix
docs,21,26.35706425283177,10.653381934350318,feature
docs,21,38.82374453105312,20.699488677437134,feature
docs,21,170.86072004463657,6.850352111773187,feature
docs,21,38.4394569459672,9.99469617274461,fix
docs,21,81.58320243983759,12.968990994731907,docs
docs,21,54.858858863322304,7.098067309380091,fix
docs,21,101.23736360994191,9.955983877786869,fix
docs,21,27.05659714374941,3.2072460052020135,feature
docs,21,9.279156622781137,7.3340184320175625,fix
docs,22,348.0015532619757,15.880941345212207,fix
docs,22,68.90018312659073,4.881941837080234,feature
docs,22,125.31588521900767,18.25418826921703,feature
docs,22,77.95632704228672,7.9242175046594285,fix
docs,22,16.521137782109452,20.686841607501556,feature
docs,22,166.11169009794685,10.73812420651846,docs
docs,22,97.59215987439879,7.50413066947323,fix
docs,22,3.1274350726113407,3.9707121717639575,fix
docs,22,42.378328505062946,6.052187840169533,fix
docs,22,3.922622852913351,1.9131011630058068,fix
docs,22,345.20478621364407,27.807282618452717,feature
docs,22,51.21669289858146,12.445227910646306,feature
docs,22,45.91108288937174,9.547917567127556,feature
docs,22,99.82558143782929,14.063797873744301,feature
docs,22,9.300116735598126,5.236721991442441,docs
docs,22,403.3835775115013,24.59863452658401,feature
docs,22,35.914820886124595,3.8177309627718943,feature
docs,23,62.856812516222625,31.592510763007212,fix
docs,23,59.03815372593407,12.088325033419741,fix
docs,23,63.99594721513538,12.268673305277446,fix
docs,23,31.097767758608935,8.262004103239969,docs
docs,23,37.98630917182115,5.142507485080637,fix
docs,23,78.91523090762662,7.716729558689523,fix
docs,23,5.824962616700528,2.3479437901556675,feature
docs,23,5.1574706740046405,3.7453522158152315,fix
docs,23,30.719160079253925,5.503664064506656,fix
docs,23,83.89900775129696,6.565802707995641,fix
docs,23,310.8778405931751,11.538483553046031,feature
docs,23,29.05488415917877,9.480231808039003,feature
docs,23,37.84201888137674,4.867603445694689,fix
docs,23,52.15813221210601,10.252797449064602,docs
docs,23,73.38190006761486,4.96250273630609,feature
cli,0,74.94084660459153,14.159067092527138,fix
cli,0,51.61743705746275,14.690621127023661,fix
cli,0,77.29100821782778,10.337064107897424,fix
cli,0,55.788617633954395,14.917664240355046,fix
cli,0,23.85432305781457,9.49248530439945,fix
cli,0,150.82558907067576,26.731716196241017,docs
cli,0,11.586280881765697,9.829622819963026,feature
cli,0,121.31592909932006,17.480033806885686,docs
cli,0,88.37888682547083,6.430519487392456,docs
cli,0,56.05430132284618,21.526864819894055,docs
cli,0,201.1840169376088,15.8901526115134,fix
cli,0,149.49099301467857,22.84451437534824,feature
cli,1,140.99441729225543,16.654046979684797,fix
cli,1,46.98707089135892,6.076269446355973,docs
cli,1,132.43717892033283,4.498339760191161,docs
cli,1,15.946209207949257,5.307495392969673,feature
cli,1,17.407382558844517,7.168117481453712,feature
cli,1,22.059988267376358,3.572605437194317,fix
cli,1,89.27272205993368,9.711892378537271,feature
cli,1,43.05592962279429,6.6567636791412985,feature
cli,1,78.77972286865923,16.990613573832945,fix
cli,1,233.0539137404289,26.197718791081837,feature
cli,1,23.28856455821825,10.089050215390092,feature
cli,1,57.599883531525236,18.914332969616883,fix
cli,1,45.67502618373699,12.323072171406436,feature
cli,1,12.463467253690746,5.446594176860115,feature
cli,2,31.832395145413013,18.166655701267864,docs
cli,2,28.52207152210799,6.108768031166541,docs
cli,2,144.6160973463319,13.020777522459857,feature
cli,2,68.69289407319847,14.564982773456444,docs
cli,2,16.134336835884852,5.001877170946955,feature
cli,2,353.3498750309034,19.58902381635504,fix
cli,2,99.02050420878643,2.6231088409260703,docs
cli,2,34.26451647761663,20.129510672278528,feature
cli,2,16.699395532476224,23.80926178435108,feature
cli,2,58.07249468321843,7.561420765331676,feature
cli,2,9.969479132896415,7.486501447549995,feature
cli,2,121.4245955541513,16.634426545722178,fix
cli,2,40.47475351888279,9.640590741622256,feature
cli,2,42.30576850563412,5.864030846005798,fix
cli,2,68.1320967363016,5.7938733167110765,feature
cli,2,54.89914888019718,4.421841902026204,fix
cli,2,100.57053357057835,15.4802057250012,feature
cli,2,72.82981707281638,12.195986237773328,feature
cli,2,44.14683795622993,10.572304148105921,fix
cli,2,93.69188935212033,19.571248775052325,feature
cli,3,37.540603110179525,10.389419625733193,feature
cli,3,29.489696687173833,7.684522001017531,docs
cli,3,66.32815165321124,14.642428156925906,fix
cli,3,9.422558475271927,4.561876336208665,feature
cli,3,45.49301446404319,15.032166695146792,feature
cli,3,95.58724083571441,28.732461253617497,fix
cli,3,46.477730822583176,9.39413381580607,fix
cli,3,98.67549173198059,9.443088793693047,fix
cli,3,44.58131324757897,10.466126427985886,fix
cli,3,75.63094794799896,11.498012105306973,feature
cli,3,39.48777019168714,8.14452937133682,fix
cli,3,13.419893924877707,4.917372211457732,fix
cli,3,24.76905286444536,11.67306800864471,feature
cli,3,31.033609047009023,6.149341283971897,feature
cli,3,90.44430903148543,9.188785267993872,feature
cli,3,61.09637500825012,21.60977478604228,fix
cli,4,35.33335313464714,6.052830815366709,feature
cli,4,51.087892062890475,11.23037463416225,feature
cli,4,64.49036020935914,7.278191085055635,fix
cli,4,35.914442537919555,5.151419757704143,feature
cli,4,87.2721541705198,4.876223917226503,feature
cli,4,76.99512766954184,11.940358665422302,feature
cli,4,296.2267147964635,46.94560028769603,fix
cli,4,36.27402834068598,6.346319302935296,fix
cli,4,20.2104137221896,3.7929329906361713,fix
cli,4,36.73381531745712,13.362835848061241,fix
cli,4,101.26884729159211,15.662523348437285,feature
cli,4,24.71553844965167,6.496743936758889,docs
cli,4,22.84180716237309,10.292845245564305,fix
cli,4,38.4780172905404,6.334762882414169,fix
cli,5,61.0556141970632,14.856725312476781,docs
cli,5,56.121352162586156,5.824032929745218,docs
cli,5,22.92404644334475,10.792435725783356,feature
cli,5,147.25210447607708,13.460699418054075,docs
cli,5,23.024614647167002,7.485288157423865,feature
cli,5,60.67160547250101,18.16678124134485,fix
cli,5,77.66639284506253,7.192064597273224,fix
cli,5,17.064686137179468,14.040700580506925,fix
cli,5,5.193715690024031,4.815712273864291,fix
cli,5,21.740052891622877,3.7030760173940784,feature
cli,5,53.26212583584465,8.943246548170615,fix
cli,5,53.98240539730894,8.04370146993386,fix
cli,5,36.45980696185192,11.328395282594922,fix
cli,5,93.60980235216768,10.569411087350572,feature
cli,5,7.481617131996352,4.182778843065005,feature
cli,5,106.86317224565074,13.674243946995256,fix
cli,5,311.4157437257439,18.25205516693903,fix
cli,5,134.75525939514495,13.949441534991504,fix
cli,6,591.3917632782382,20.432723122157334,fix
cli,6,313.1464011331189,59.25391077551585,feature
cli,6,92.11679237150558,20.246348091798883,fix
cli,6,57.77144520117819,20.466150508026804,fix
cli,6,305.13280708115946,37.54113081732098,fix
cli,6,97.48546310681749,18.358824415889675,feature
cli,6,47.948999075562305,4.245686317390373,fix
cli,6,128.0381308211072,14.927821806303504,feature
cli,6,25.2842697150873,9.188888056930178,feature
cli,6,89.50207285274882,37.40603940446587,feature
cli,6,13.688378263468085,6.120637337327416,docs
cli,6,57.057071912508334,8.902920438666115,fix
cli,6,14.774975085842785,5.846069020895611,fix
cli,6,43.44984823080985,8.591309603983508,feature
cli,6,44.45723619329808,12.947846769534332,feature
cli,6,30.54510149318634,18.12225618169527,fix
cli,6,30.5077672602994,8.923070085181825,fix
cli,7,23.21511276561088,6.812256543676832,docs
cli,7,17.139345801567554,15.267612457457815,feature
cli,7,105.70702710616625,7.934382265445405,feature
cli,7,6.429795054469558,5.25948068549779,fix
cli,7,328.9944541949261,20.08001949779353,fix
cli,7,123.35396906629076,45.096405194825444,feature
cli,7,166.0034692693487,11.769339557438805,fix
cli,7,46.6558443481953,5.860790549109932,fix
cli,7,37.120386718852735,11.246350590788104,fix
cli,7,75.75694461457313,4.5862941928829475,feature
cli,7,243.4540626460073,14.21498800838659,docs
cli,7,72.98882583596013,8.570142271656284,feature
cli,7,91.3997390121289,10.041747764000089,fix
cli,7,7.671767511728354,2.4096446024642244,fix
cli,7,79.5435932543884,14.694849547432852,fix
cli,7,36.791629786399604,9.450065835104914,docs
cli,7,274.3297850092357,17.371912583809376,fix
cli,7,41.15342767834384,12.175806363747764,feature
cli,7,26.414572025840737,11.2019400313682,feature
cli,7,351.1821043697819,18.97560310661109,feature
cli,7,7.560294424479775,10.728265623104255,fix
cli,7,67.48547259316916,9.086522114506742,fix
cli,8,38.203262299982114,7.990178467688978,fix
cli,8,38.53479505300965,15.708926025319641,fix
cli,8,131.19091560139213,10.856312548361768,fix
cli,8,24.714735677850456,9.046234316382682,feature
cli,8,36.200423581648984,7.4692093897972045,feature
cli,8,137.3685860693447,8.376190253280496,fix
cli,8,69.75129364311235,21.10859818954654,feature
cli,8,91.40609325161961,16.589906674369352,feature
cli,8,115.25574295282385,23.78450298859285,feature
cli,8,73.32132208657198,9.777089114876182,feature
cli,8,200.18461960911966,26.007993712395475,feature
cli,8,19.81450608147278,8.905214516928822,feature
cli,8,230.98779934897544,21.217422651312475,feature
cli,8,77.47969430795656,23.54962468545202,feature
cli,8,73.6909365310988,12.254954516782492,feature
cli,8,110.32700759830661,8.848991218977163,feature
cli,9,25.12251259747828,8.221606070671962,feature
cli,9,211.92158584444113,47.67809019988202,feature
cli,9,33.97225627979608,5.319852721813488,feature
cli,9,86.16749712974297,12.0225449159096,docs
cli,9,53.67441761231726,12.485712491235548,fix
cli,9,25.445763438003407,4.556749137465297,docs
cli,9,312.65904823948426,31.34762866340166,fix
cli,9,35.428627753292695,21.692731468091228,fix
cli,9,193.56700591966006,15.50195184813089,fix
cli,9,113.34382805782853,28.025639542017757,feature
cli,9,25.513385466702125,8.829579995128237,fix
cli,9,39.934739393145016,7.972649277635597,feature
cli,10,9.163843603463608,3.742450418501491,docs
cli,10,48.39517233122621,15.636799034898416,fix
cli,10,67.36185846748113,5.592941527388697,feature
cli,10,43.096896342807426,7.383240426279345,feature
cli,10,22.704987373072502,3.021336805453004,fix
cli,10,9.33718318015899,6.790767822377501,feature
cli,10,140.10495807350486,19.322014354470383,feature
cli,10,182.44949186002628,13.016024766155446,fix
cli,10,30.301299504117992,8.137209262193045,fix
cli,10,15.39548034324598,9.061459665458823,feature
cli,10,163.25989141129077,16.42586770600799,fix
cli,10,145.32023831408438,11.943644180965068,feature
cli,10,44.54625075682106,11.081217874422151,feature
cli,11,167.69919922025716,24.78457564472867,feature
cli,11,36.683873256162414,4.070303796645532,fix
cli,11,26.64893126445209,15.637265060653231,fix
cli,11,77.23711372336636,10.177783299360284,fix
cli,11,31.21072425218368,10.623573082903732,fix
cli,11,333.1976024278704,32.53415949653231,fix
cli,11,39.54246686476373,15.088339506066317,fix
cli,11,17.693947114410978,7.249097605447941,docs
cli,11,252.46878680055565,18.48895859921078,fix
cli,11,60.44366085864273,33.13182394983923,fix
cli,11,53.32676135856197,12.411650320793267,fix
cli,11,90.42757805455786,7.332152886418446,feature
cli,11,40.160706101531495,10.355967780731314,feature
cli,12,138.6042140352289,27.48953366059949,fix
cli,12,71.53460922473012,17.662271445128635,feature
cli,12,89.80957833509332,7.070516338271633,feature
cli,12,36.42531805990248,9.193332939139474,fix
cli,12,101.70663591280429,6.920557507451559,fix
cli,12,177.1688524869901,13.22561934144287,fix
cli,12,25.553039420715425,9.501227000981936,feature
cli,12,175.28511103548277,18.12670209721826,feature
cli,13,140.94306743483395,12.200074809187722,docs
cli,13,37.28871939104567,5.918570165632821,fix
cli,13,96.97852868898855,26.27108802969885,fix
cli,13,100.11062134234906,5.2807000689270245,docs
cli,13,14.307248367682476,1.3604737154273283,fix
cli,13,5.6511995485094895,11.846031622225492,feature
cli,13,46.086669484635664,8.600435809175384,fix
cli,13,27.10752198151668,8.731368401641749,feature
cli,13,71.30292515982603,9.750380850011164,fix
cli,13,28.817876242846708,5.745888296187488,feature
cli,13,11.369400270178632,14.949271349654369,fix
cli,13,68.18913166081106,12.47847271738948,feature
cli,13,15.146571976205209,8.144168817507703,fix
cli,13,39.740731884807886,7.332989492219103,docs
cli,13,148.27122839183554,5.031393727054091,fix
cli,13,32.204432061499745,3.9955843623916896,fix
cli,14,17.48717746403178,6.216077861806248,feature
cli,14,49.10050007080487,8.521790887759224,fix
cli,14,60.45149757329627,11.243384825361323,fix
cli,14,31.94974419044593,4.624348849028998,docs
cli,14,103.24882031646786,10.894603021540117,fix
cli,14,37.08231954791129,10.662286033931208,feature
cli,14,18.413537330078,5.6487182258716215,feature
cli,14,82.68959534539867,12.025681923178011,feature
cli,14,139.3753841763606,18.35140268775536,feature
cli,14,1234.0443322463232,51.64630566635768,docs
cli,14,39.65407207273413,3.9675582407029455,fix
cli,14,19.460533185609993,5.652788269289388,docs
cli,14,64.3213756086633,9.358284973709466,docs
cli,14,33.92959041674984,9.595694911932947,fix
cli,14,369.33929171732404,19.480989719688235,feature
cli,14,119.77829857278276,7.968927119845632,docs
cli,14,62.064661508380944,19.57616492565055,fix
cli,15,42.3114428336736,14.412936984805553,feature
cli,15,32.99389783649759,10.95111820298961,docs
cli,15,35.82096836195415,14.837916071243718,fix
cli,15,77.05043251469178,4.61418925643741,docs
cli,15,33.98980883796904,7.068686017454886,feature
cli,15,23.58626117483452,4.55317293168931,fix
cli,15,34.465275806190725,2.63080267462611,fix
cli,15,122.8233872799621,16.959019457997446,fix
cli,15,54.77935477221792,9.485201071985625,feature
cli,15,66.72179632125359,22.517754175718654,docs
cli,15,115.14536943072471,27.264922960074042,fix
cli,15,74.47059525024707,9.68268950953277,fix
cli,15,26.859095313180543,8.37993399547338,feature
cli,15,15.68505251392897,12.87615808345876,fix
cli,15,14.871968925094825,6.664048608483251,fix
cli,15,152.3510578579833,18.436452146062724,fix
cli,15,289.2408018844721,24.339845741009825,feature
cli,15,88.69890550474793,11.089815539762176,docs
cli,15,24.8582122344749,8.065434115159166,feature
cli,15,18.45164708561477,8.942902936901078,fix
cli,15,43.78904853988792,21.29118643691636,fix
cli,15,128.10064658726023,10.153747916359427,feature
cli,15,19.428715606488527,5.137174264933596,docs
cli,16,32.81426107193103,8.834820479698122,fix
cli,16,9.522665322985162,14.459097220432366,fix
cli,16,24.237070831224777,5.718400659728,docs
cli,16,159.10626354942488,17.8593065924806,fix
cli,16,181.86917885482728,31.64714928183787,feature
cli,16,57.41384643515357,21.924584577671343,fix
cli,16,50.281339828887255,16.00672627996766,docs
cli,16,66.83219827001086,3.962637047181082,feature
cli,16,260.21942828024356,19.177307662465452,feature
cli,16,65.11830146036817,13.346584942827894,fix
cli,16,77.52172765529035,16.472880104805878,fix
cli,16,102.29955114546236,12.699537680663994,feature
cli,16,25.443284192049855,6.774093286358659,fix
cli,16,430.2320103940397,49.77010063395425,fix
cli,16,57.6957034733351,9.050458414876124,fix
cli,16,30.503426060513046,12.621375208867912,fix
cli,16,174.31733941749053,11.324336178807194,fix
cli,16,57.36258957303734,8.087742527152988,feature
cli,16,35.80688579958802,9.263749644010392,feature
cli,16,34.062330163079885,16.456816495273795,fix
cli,16,527.8438351241239,7.069021723793023,feature
cli,16,8.292018363112437,4.877113149341098,feature
cli,16,12.63500072400576,6.306464235800087,fix
cli,16,77.71964581013702,9.01966759478374,fix
cli,16,263.9531069360745,11.354222719976955,fix
cli,17,27.676352630085326,10.577703338928313,fix
cli,17,141.05733682592182,11.459437236033992,feature
cli,17,384.98491943171325,26.408941754453934,fix
cli,17,58.77910990096296,16.134703731997302,fix
cli,17,73.14572783413946,7.680014246236984,feature
cli,17,91.46238741387867,9.86578669722265,feature
cli,17,9.816675584523608,6.065538308874636,feature
cli,17,144.42168922507932,23.67309801548607,docs
cli,17,78.87180794278142,7.980010689349094,feature
cli,17,65.15258337179016,10.428810728232886,feature
cli,17,35.26847342758626,4.359986240930884,feature
cli,17,164.92932225421163,15.617567646329091,fix
cli,17,27.348624655997295,13.806456612187194,feature
cli,17,106.0932364290709,14.121280857982791,feature
cli,17,120.45959083730497,21.189588061776433,feature
cli,17,277.92064035230817,47.86284536328536,docs
cli,17,75.20837731721464,15.124779307032798,feature
cli,17,27.135993068311464,7.011539242940168,fix
cli,17,24.473848932970164,6.657823970520198,fix
cli,17,33.127095263067154,4.487711354772828,feature
cli,17,36.13545556528449,9.424569646976101,fix
cli,18,3.3721551321064105,21.283768397542147,feature
cli,18,19.01061691161057,8.51420340902563,fix
cli,18,549.3785766184159,13.796095247055414,feature
cli,18,58.33243655594675,15.164830367194448,feature
cli,18,14.997801382371575,2.680129542906457,feature
cli,18,50.93857418155649,7.621760328757887,feature
cli,18,55.60503448327713,7.685703000999574,fix
cli,18,68.7756641293793,9.474207545060684,feature
cli,18,31.10438893829153,5.2007988017471085,feature
cli,18,22.662619429435107,4.021293474460287,fix
cli,18,75.31765253690078,4.4488313800331944,feature
cli,18,162.81953324471468,10.988845055102205,feature
cli,18,195.3082829653895,21.766422852893985,fix
cli,18,50.75314355410292,8.655607731187576,fix
cli,18,403.4322060862742,14.895571402266716,fix
cli,18,131.84058931885892,19.162989101890854,feature
cli,18,17.567187457617287,4.138798856208175,feature
cli,18,13.434829104217862,8.563510889808535,fix
cli,18,43.2126725658209,2.4932005169637215,feature
cli,18,8.614562310554913,6.995471595674498,fix
cli,18,108.93152549126754,9.8313737424713,fix
cli,18,25.115758676253378,10.835722495856144,feature
cli,18,56.00507347442966,22.720668656113048,feature
cli,18,2.074875491564015,10.875298879300118,fix
cli,18,106.94541763788774,8.423248749370876,fix
cli,18,4.699142832542635,2.1221954219044012,feature
cli,18,48.977768838221685,7.021236291262176,docs
cli,18,86.7014016689876,12.561486604332853,fix
cli,18,52.41294249831855,15.876393485339511,docs
cli,18,181.71806094290642,12.952724535222375,docs
cli,18,17.1078076853808,3.610152260863632,feature
cli,19,17.768485557349557,6.141418869739537,fix
cli,19,133.84248395955862,18.160378323475218,feature
cli,19,51.3915106562826,15.269235305009353,feature
cli,19,230.16650616810344,11.314553657359998,feature
cli,19,44.883207888526336,16.18736865878744,feature
cli,19,47.08916379304805,5.5552503995493625,fix
cli,19,92.12148296284005,10.33187878123027,docs
cli,19,29.86696993776609,2.4576373212339644,fix
cli,19,207.3499093359749,8.37941832473147,feature
cli,19,13.017226900084113,9.32431259808632,fix
cli,19,91.86946150276825,5.859217784523641,fix
cli,19,220.06807718194068,8.425050229213658,feature
cli,19,211.47727898208734,14.396124565644183,fix
cli,19,17.33558295545966,5.302825086072786,docs
cli,19,344.5215338825358,19.981744437150713,docs
cli,19,26.7434965050695,4.645263297332249,fix
cli,19,15.663277670251158,5.112905860269989,feature
cli,19,83.79585350210031,7.742656907540975,fix
cli,19,181.488609750961,11.503119912495633,feature
cli,19,56.83573334569649,5.423336650700321,docs
cli,19,136.9381722386485,5.099435370614173,fix
cli,19,43.593488744780835,6.536161780895941,fix
cli,19,26.588696947972338,10.15670005728188,feature
cli,19,248.74500494465715,17.794049091502615,fix
cli,19,21.520493821345173,6.16294746096969,feature
cli,19,39.44660424511338,6.029703003046607,feature
cli,19,12.080747649105476,9.103203188016652,feature
cli,19,287.08149769934033,21.398443060734618,feature
cli,19,368.71696029297914,14.515528072920441,feature
cli,19,105.44042937623655,13.3826839601785,docs
cli,19,83.80636083552005,10.60719559769197,fix
cli,19,59.64266612696989,7.875067405197923,fix
cli,19,51.576269818963446,4.347047129887838,feature
cli,19,10.361071289591662,4.3263691615668565,fix
cli,20,77.48925801163757,17.22748811309192,feature
cli,20,60.50346990118036,8.267291796378125,feature
cli,20,149.98510292424663,30.279952843145914,fix
cli,20,130.636913737215,12.076967758590706,docs
cli,20,5.791057479624001,7.757985907047839,fix
cli,20,28.760069126888453,7.238552076748397,fix
cli,20,15.001228111229201,3.721481665166478,fix
cli,20,36.98658833994627,6.567551653752604,fix
cli,20,67.35310316895685,7.943179366098206,fix
cli,20,56.37184894662778,12.596297129414477,feature
cli,20,93.24742276234032,14.194948848840065,feature
cli,20,10.475320920849338,6.506077981616723,feature
cli,20,40.22827672242574,12.149956089490457,feature
cli,20,6.271811466318889,2.749682727420766,feature
cli,20,115.99279483209453,13.574417456313023,feature
cli,20,69.0673593072747,13.766039839501294,docs
cli,20,47.12047555762954,10.002301051024098,docs
cli,20,75.82033846972637,9.767226392667615,fix
cli,20,41.58969281017332,2.689251814279164,fix
cli,20,110.3979008610341,12.788259432926816,fix
cli,20,22.80638459718313,13.89476689800697,fix
cli,20,246.48466361959038,29.21991033638998,fix
cli,20,23.949898120145402,10.422436157822354,feature
cli,20,151.06586120212634,9.064684869168751,feature
cli,20,35.29303441001381,19.408511298101256,fix
cli,20,32.25145316648773,23.138721551046956,fix
cli,20,57.59352186137188,12.197280476582886,docs
cli,20,184.76003460710416,21.599624941905414,docs
cli,20,277.38880390588184,10.494594440572078,docs
cli,21,245.20366158801764,9.564297926760393,feature
cli,21,170.93050985937492,8.235315305109522,docs
cli,21,36.246508706601254,10.914751428936098,feature
cli,21,41.82619120449319,20.261695460026452,fix
cli,21,97.36445682891784,23.72218296728922,feature
cli,21,206.8583693406812,14.653223967504779,fix
cli,21,263.3197066352024,15.565076282037415,fix
cli,21,90.26962116899125,7.883644222172121,feature
cli,21,210.9816731171904,6.51782086263361,fix
cli,21,142.46604476430602,36.52814658743915,feature
cli,21,9.881143948621302,6.3333971332904975,fix
cli,21,26.410561308766997,10.710362698085358,feature
cli,21,81.52283794707216,5.078693518266907,feature
cli,21,45.79381711533689,9.440830118464671,feature
cli,21,104.58909852413596,11.912689007677677,fix
cli,21,39.23160681813195,3.5731343661851467,docs
cli,21,132.09839519589502,15.254034418077456,feature
cli,21,24.96885847731021,12.110485515083878,feature
cli,21,249.48629158083367,8.672775921101085,docs
cli,21,12.024935338697519,6.637835468103801,fix
cli,21,109.5117447446387,16.183133359076947,fix
cli,21,74.63429316394533,8.436614120461023,fix
cli,21,147.5243842897521,4.792993962764129,feature
cli,21,3.4050976447455974,4.58292299691627,feature
cli,21,146.09380420779814,14.069610154404762,docs
cli,21,153.15426769227847,20.66122367606183,fix
cli,21,28.104016615684937,18.325178899181626,fix
cli,21,5.283065338046389,4.799278813754772,fix
cli,22,235.31901873065814,19.57797667377631,fix
cli,22,88.33730354390067,7.391117180625265,fix
cli,22,44.33822043759473,7.675718400077496,feature
cli,22,17.335662688512432,4.265301356581278,docs
cli,22,23.766436547255942,7.3357676196220085,fix
cli,22,100.18396371582241,21.351825464793844,fix
cli,22,156.94169824730642,25.143394856795773,fix
cli,22,100.18794311185228,3.7142968635685842,docs
cli,22,75.92699913255426,14.902278177521012,docs
cli,22,68.17355113294481,14.24868775097887,fix
cli,22,78.04388630131663,16.020975068595966,fix
cli,22,79.51202226307993,16.49467300048729,fix
cli,22,20.094563034592255,7.676105639268864,docs
cli,22,37.582552350893444,5.19480098707651,feature
cli,22,102.93046688776919,8.845766477877296,docs
cli,22,5.487486437130457,2.5579501910342617,fix
cli,22,250.63318041810427,40.481008051503,feature
cli,22,35.19312322570817,9.32857351082378,fix
cli,22,32.732371416890096,8.39567532076866,fix
cli,22,35.352522186725025,7.364427095596542,fix
cli,22,15.162931110581084,10.285679108609228,fix
cli,22,23.57182705385163,14.627127504312453,feature
cli,22,241.45582781928132,35.24788772282249,docs
cli,22,51.82773808951588,15.38696251738074,feature
cli,22,126.24221915636154,13.218019249530181,fix
cli,22,36.80542398825984,12.852188518620816,docs
cli,22,91.12978357625916,7.42979415452954,feature
cli,22,162.5921070081534,30.91711052692279,fix
cli,22,20.69072076645994,4.62747116147273,fix
cli,23,33.28213384723198,11.033868621624526,feature
cli,23,27.325793366003406,14.313451720719616,fix
cli,23,54.235903287670055,6.012488924116108,fix
cli,23,194.01485035836578,7.614082997083025,fix
cli,23,41.5362259865255,26.484314091390647,fix
cli,23,101.63938286982362,10.724036054654754,feature
cli,23,55.62916864093646,24.519420344534495,fix
cli,23,190.8562460847486,9.95421517097061,fix
cli,23,75.23258819351713,26.414766861112586,feature
cli,23,55.35075501199873,10.863613333629306,docs
cli,23,355.72951269220073,12.384491747166688,docs
cli,23,32.453922907622314,5.921995036574642,fix
cli,23,54.66542775741957,21.93772042647305,fix
cli,23,170.63238703784484,15.193908503455145,feature
cli,23,26.41102892267725,5.820066904352051,fix
cli,23,68.3212541489267,17.872923323685043,fix
cli,23,45.57649349419059,13.534663188362533,docs
cli,23,6.661620701701433,4.635654228209492,feature
cli,23,36.02358066011103,11.949961187363918,feature
cli,23,79.6978963258604,49.92569728527304,feature
cli,23,88.84528617397582,10.488494320328181,fix
cli,23,52.89205989498816,7.364804188539203,feature
cli,23,27.329873286293598,9.131982447271762,fix
